Stage,N1,N2,N3,R,W
W,0.0071093554423613285,0.00113982898255127,3.7329051787123866e-05,0.005118820999704153,0.9865946655235962
W,0.02986194568766559,0.010066092522596623,0.0007046769881128667,0.20156060299452017,0.7578066818071048
W,0.026346615602569217,0.05168086471802586,0.03401786881580976,0.08217221424446243,0.8057824366191326
W,5.444715099469149e-07,5.068664312301185e-07,8.7898379920373e-09,1.1002301849443098e-07,0.9999988298492023
W,0.05905012676156218,0.012624897868337983,0.02591019695514506,0.004770829424037216,0.8976439489909175
W,0.10321703631596887,0.07265638015190289,0.0006541895487443952,0.006688168618017818,0.816784225365366
W,0.014916129546680602,0.05374767963400522,0.01960116893287043,0.004238758721812361,0.9074962631646314
N3,0.025812439431225024,0.09492033843645943,0.5298706532182486,0.0018490639311496647,0.3475475049829173
W,0.01227154762786285,0.0025000269894328696,0.006408625592668628,0.0053252450108167695,0.9734945547792189
W,0.039327245909416886,0.037139753326450975,0.006026898229124814,0.0006761835751517191,0.9168299189598557
N2,0.04222783293533036,0.6163818440135926,0.038263119743241786,0.00036745704752517923,0.3027597462603101
W,0.14307316625439256,0.22742730072068004,0.011800494620464393,0.003622322247166061,0.6140767161572969
N2,0.03308549836060566,0.4419300083670872,0.2407421732500353,0.0009047478090215447,0.28333757221325034
N2,0.0395956660611101,0.7297784539100953,0.06850617320298148,0.004806486356640839,0.15731322046917234
W,0.025291667440057862,0.2838190232238885,0.05448191905692153,0.0033581585734608066,0.6330492317056712
W,0.022311440604509663,0.05103242984490084,0.2353289179463073,0.0012868908678675837,0.6900403207364146
W,0.007482958771694767,0.10653362596191078,0.07356219056555297,0.0006144030139708654,0.8118068216868706
W,0.02777480057703971,0.2606445905936644,0.03915799025484371,0.0005797443421893573,0.6718428742322627
W,0.047207942416091164,0.29143820720308133,0.023899266681676128,0.0008723749466031898,0.6365822087525481
N3,0.08254555282002371,0.2591878125047709,0.5254078994030541,0.0018551720560027718,0.13100356321614842
W,0.07362952159418673,0.3586936635312018,0.01723433569655026,0.0015830661299876736,0.5488594130480735
N2,0.036690794754148555,0.7019474556965866,0.023568085377458532,0.0014064881068705719,0.23638717606493578
N2,0.05768641518078804,0.5908930466702838,0.029212724493564452,0.014148986062580299,0.30805882759278347
N2,0.0465035216793272,0.6120794801892847,0.022652540362536208,0.005889340924402586,0.3128751168444494
N2,0.02239704047117728,0.6889854150639092,0.04700101355743442,0.002652517992258178,0.2389640129152211
N2,0.028355194618902086,0.5599702930201115,0.0751565404096798,0.003484257703483235,0.33303371424782335
N2,0.15032952280925563,0.3949452800685251,0.06486412978120075,0.001255522642333395,0.38860554469868513
W,0.05404414819637059,0.32471814855647996,0.08582955099229526,0.0014402476801813153,0.533967904574673
W,0.05139591739448821,0.31038954415924835,0.07853851550709323,0.002720395397577371,0.5569556275415928
N2,0.02856307881025568,0.5405111782766289,0.01957348924292136,0.005747207916183983,0.40560504575401
N2,0.09120379887605888,0.46681692500124805,0.027282456977474497,0.0018779196808807559,0.4128188994643378
N2,0.018275095817573958,0.5942822950250984,0.0864438800902115,0.00041536184687883214,0.3005833672202373
W,0.18877117849376354,0.34817229732750876,0.02530789098035634,0.0023889206419918873,0.4353597125563795
N2,0.017440315810618657,0.6137060863229133,0.04206886062322044,0.0007178725023303274,0.32606686474091723
N2,0.04605574981935992,0.7098304964827582,0.0015830283090711736,0.0018392038605634091,0.24069152152824735
N2,0.025330210871865665,0.4756203764993665,0.11174487919907593,0.0018408864688478574,0.38546364696084395
N2,0.021723139532705896,0.6782113538460508,0.11370285854573389,0.005541340825675769,0.1808213072498338
W,0.011828640399445861,0.29790743579345746,0.10638183136549133,0.0010626756671549672,0.5828194167744504
W,0.024667990194263342,0.34876259499797957,0.056356780489559895,0.027122011356073825,0.5430906229621234
W,0.012040544658891317,0.3333949319245763,0.1852886155140049,0.006255009500695936,0.4630208984018317
N3,0.011345671320710841,0.36314289109414055,0.47271092299313705,0.0039283368068829885,0.14887217778512848
W,0.020922777629778747,0.40062761728375634,0.13967632654040316,0.0029034957919620488,0.43586978275409965
W,0.006658792555637781,0.19075482119042836,0.021816195711937554,0.0011408911286988402,0.7796292994132975
N2,0.02753190332875143,0.6132924391551589,0.04806587396790612,0.0029805433708625056,0.30812924017732096
W,0.00314674164874552,0.21533319793470712,0.0523285110486144,0.00040212277441836064,0.7287894265935145
N2,0.07729464495909215,0.634008659304781,0.012257989671576725,0.003119545965084352,0.2733191600994659
N3,0.020360716121669974,0.061074956575219295,0.5994728028336949,0.14370424556869907,0.17538727890071668
W,0.05534021637164701,0.15340911641039748,0.009512452731204603,0.004658077928026181,0.7770801365587248
W,0.05049543794717282,0.10632757807023507,0.005963483353845829,0.00099087119513964,0.8362226294336067
W,0.020074114928356875,0.059837430537557086,0.010624876639106478,0.0010160785873727866,0.9084474993076067
W,0.0379620327371394,0.1681111099755503,0.014872621105368068,0.0036052967601817544,0.7754489394217605
W,0.019901515111481555,0.31926616806603025,0.010882851858481653,0.001443961766225067,0.6485055031977814
W,0.009510095093660924,0.31067377834453724,0.015235041732416433,0.002725280688310609,0.6618558041410748
W,0.022011500124670225,0.2567341068698577,0.009135371054567378,0.0025244111837872834,0.7095946107671174
N2,0.02978049835162236,0.5468316741451069,0.02307609011996254,0.015248776501417427,0.38506296088189074
W,0.022555241746028725,0.30537277138135205,0.020369554289352044,0.015229467388693381,0.6364729651945737
W,0.07203098132395412,0.1906961115394335,0.005186620816810079,0.028609045064129923,0.7034772412556723
W,0.017881515245057284,0.18054890130572854,0.0032908832911203527,0.0084425993162716,0.7898361008418223
N2,0.06480922441707325,0.5311931792094656,0.009249957698656283,0.006226060361015765,0.38852157831378903
W,0.054499944804728945,0.3159061497459411,0.001291398290688753,0.012361748415435038,0.6159407587432062
W,0.02214438677149556,0.09101407892015448,0.0014088145780162785,0.005330938071704849,0.8801017816586288
W,0.011916881598453959,0.18341876436892748,0.0013949043293896978,0.00179841558291748,0.8014710341203114
W,0.024645610870574708,0.44631789534474753,0.005044132567117189,0.006963173412851864,0.5170291878047086
W,0.04120788731793733,0.4050331555706918,0.000860782041319059,0.02070192554771669,0.5321962495223351
W,0.02691474132964272,0.22080573533939313,0.0027213673249048024,0.014277696962280432,0.735280459043779
N2,0.0996868788731808,0.46549565269179916,0.0027701518572655743,0.028497023430587895,0.4035502931471665
W,0.18826431633659343,0.3768397123182567,0.003483783058542554,0.03033241043580982,0.4010797778507975
W,0.07375938865294582,0.05668749884834438,0.0011154505994156476,0.013558679415694622,0.8548789824835995
N2,0.06891048161871136,0.605845046381654,0.003884898351680872,0.018850155995429274,0.3025094176525244
W,0.0021584099465092087,0.04858042921812125,0.026810039609905537,0.0021785234891719425,0.9202725977362921
N2,0.06647053240284057,0.4707509034871779,0.02240605510934246,0.00665389479211436,0.4337186142085247
W,0.049569844478270224,0.1542219487011936,0.001096670028678923,0.010217367855783142,0.7848941689360741
N2,0.04974637246653497,0.5420287788111138,0.005093234479334195,0.014905511723826998,0.38822610251919004
N2,0.03330422360004696,0.5485873736336259,0.009603240851055834,0.007698384824443464,0.4008067770908279
N2,0.04441969773889767,0.7614297276533128,0.002644905425678726,0.007188736917814409,0.18431693226429624
W,0.03374575983264486,0.17831292436094814,0.0012869065881439918,0.01198245878944569,0.7746719504288174
W,0.17422697445042742,0.22399900779163887,0.001993009323747212,0.04498207392774609,0.5547989345064405
N2,0.2019229123865663,0.44179767461161956,0.0020020245349747674,0.028010130317915632,0.3262672581489238
N2,0.16932115093291505,0.5312143079544993,0.0019670042173900175,0.026004493754883246,0.2714930431403124
N2,0.10138723138251328,0.43599734044248906,0.0034471079088980176,0.07787148591762537,0.3812968343484742
W,0.006872192542746854,0.008945709452508551,0.0027099075317767803,0.047141547356788,0.9343306431161799
W,0.01573302653751445,0.05591472823154103,0.026404823065417065,0.0023565271017495907,0.8995908950637779
W,0.07861597263396958,0.10070469628879347,0.0023759943255663315,0.00464882443399328,0.8136545123176774
W,0.03428814546871942,0.033832196222391614,0.008952100445660686,0.0018026372488073477,0.921124920614421
W,0.017987370851530078,0.08635423060033412,0.0554245834970305,0.0018253893390167003,0.8384084257120887
W,0.03233889185296104,0.36539821167750497,0.13213950292553367,0.005865682723145425,0.4642577108208548
N2,0.02487156071838705,0.6538535161508632,0.16461281095423072,0.0017720689204575987,0.1548900432560615
N2,0.11194678991665626,0.6452600139559405,0.03585900475831072,0.0049446223954023654,0.20198956897369003
N2,0.015552716917788452,0.6832167363426791,0.20762358025110503,0.011199751283656445,0.08240721520477111
N2,0.010898547321719321,0.7377405898372569,0.08895835061603274,0.0321751037062373,0.13022740851875395
N2,0.007386840275612691,0.7609387975783493,0.09343993738340088,0.08752047361697318,0.050713951145664064
N2,0.019299736896976394,0.6306086435986202,0.10079667412763593,0.17077560190125043,0.07851934347551695
N2,0.009384058669361824,0.68249645072248,0.05679662220349519,0.17303945807658147,0.07828341032808146
R,0.01536168951782099,0.41937116484503295,0.07661407733454412,0.4338317774107034,0.05482129089189851
R,0.017526111047814978,0.4036951665076234,0.025032811521375375,0.5321947334534006,0.021551177469785684
R,0.012316220090011125,0.3797207563837568,0.03559467675461811,0.46755696375479294,0.10481138301682107
R,0.005825477568828259,0.23766747502715077,0.1828916261000502,0.49838106920606345,0.07523435209790735
R,0.007428394644812972,0.23924888359934976,0.12080389987706676,0.598144419658064,0.034374402220706646
R,0.005317918078419711,0.2137571405385861,0.09352338439713999,0.6182856276992492,0.06911592928660508
R,0.006617460061735435,0.27064358686748224,0.05394449765404793,0.6397509599873432,0.029043495429391036
R,0.004261904991974491,0.2874662321422233,0.13804085273888314,0.5324938402528575,0.03773716987406163
R,0.003335501583812208,0.25406671764910466,0.051908095960097635,0.6682451199769142,0.02244456483007124
R,0.004811625185388087,0.25309382351042115,0.05832167987971547,0.6709281596197852,0.012844711804690042
R,0.0052083191561097895,0.26672687886259416,0.11575504300492721,0.5918257600121368,0.0204839989642319
W,0.0057238625085161395,0.12256388569030867,0.10213402989116159,0.14963170796500155,0.6199465139450121
R,0.010738805773065243,0.25325538732552316,0.048862543171268105,0.5633494078938651,0.12379385583627843
R,0.01287568976370955,0.2382931154651009,0.0701075863914883,0.5763001082485396,0.10242350013116161
R,0.02984494873882629,0.3824271582809788,0.05626994392989375,0.49812633610895557,0.033331612941345505
R,0.010023085895240662,0.23368236405097045,0.05464270425330675,0.6895482560304118,0.012103589770070262
R,0.012583843243849072,0.3063996254397853,0.029932552708103646,0.6372486730181697,0.01383530559009227
R,0.005630643882272013,0.21389232985772222,0.029409807815297145,0.732396793324743,0.018670425119965764
R,0.003069260692830769,0.2918975289379138,0.04713878701527775,0.6136131781038756,0.044281245250101964
N2,0.004746471187423276,0.5512145393587087,0.037109723099316254,0.30710657673887953,0.09982268961567231
N2,0.016128848806033037,0.6177139815435938,0.11536423279768601,0.1998692883377352,0.05092364851495191
R,0.004908470089926705,0.31708723090768465,0.02427210710288068,0.6198089934651557,0.033923198434352125
N2,0.009122761451117881,0.7916817019803274,0.09740418220407507,0.04588380432918153,0.055907550035298105
N2,0.009187717643746521,0.7062311354806945,0.24373404409125726,0.010143328333803298,0.030703774450498513
N2,0.004817450881498641,0.903133214539448,0.06294406040377873,0.0015332461821248628,0.027572027993149853
N2,0.00105617289423772,0.8222842397570685,0.12411476272623316,0.00432585469496634,0.0482189699274943
N2,0.014148489976767405,0.8620917162938752,0.01886306542824328,0.01881964072309138,0.08607708757802264
N2,0.00439802869569213,0.8096216892039606,0.031233251825356956,0.03194759847375284,0.1227994318012377
N2,0.00900736492213546,0.7031970801575385,0.24592621138830506,0.00819033838088786,0.03367900515113313
N2,0.006790132274710436,0.8956285976463428,0.050320913138474734,0.012683872253067061,0.03457648468740494
N2,0.00792839944610373,0.8317244710195438,0.08762016434389777,0.02063501035907737,0.05209195483137731
N2,0.008469532059682061,0.8384231356755646,0.0958590130052119,0.01689846243626406,0.040349856823277366
N2,0.008517982664911205,0.7975847688962346,0.13881841502610412,0.020715344756350312,0.03436348865639984
N2,0.008963144169821443,0.8876300825006757,0.07875992168913827,0.010039433954971772,0.014607417685393104
N2,0.0026079859747562334,0.7944879884210624,0.17688496750261246,0.0052099391809343615,0.020809118920634407
N2,0.0030738366642722816,0.8789300652259123,0.08778478195044735,0.0082136966022439,0.021997619557124322
N2,0.001825200810615955,0.6376403015288185,0.3292084862664363,0.007026760168912696,0.02429925122521669
N2,0.00337262652329611,0.6782050319421321,0.2969349552639917,0.006868796803012667,0.014618589467567299
N2,0.005271491156105432,0.7352002060680425,0.22700825175392572,0.01194249654405784,0.0205775544778685
N2,0.005083500574033728,0.7914759599583147,0.18059295352852434,0.005288945586931726,0.01755864035219568
N2,0.0028155064505947214,0.8930002739117013,0.0812708844239476,0.004341251447161673,0.01857208376659455
N2,0.0015306200064985822,0.5610658179384056,0.4225504272518121,0.0047764916021826725,0.010076643201101151
N2,0.0010462256277550082,0.658270086265557,0.3215649825536953,0.005715776299553008,0.013402929253439581
N2,0.0011553525263022777,0.5392607317006857,0.44550658286539696,0.006068807349772818,0.008008525557842231
N2,0.0006904497978890904,0.6304075342563918,0.35160258624333013,0.004619200376710622,0.012680229325678274
N2,0.0006246460739641268,0.5865858178516151,0.3963313867510386,0.00417275032527784,0.012285398998104316
N2,0.0013356662647749258,0.49673657817851374,0.4753901590579096,0.007527061615600486,0.019010534883201115
N2,0.0038107888873762205,0.5275136961061032,0.4358437467302541,0.006903933930471673,0.025927834345794907
N3,0.0036573436683132324,0.39090191860479884,0.57475110302447,0.008045005320291622,0.022644629382126292
N3,0.0018866603474150673,0.3326028695783777,0.6450108937057274,0.006932697942382342,0.013566878426097424
N3,0.002840892821366374,0.33394463062237917,0.6389788830477007,0.008695211706602066,0.015540381801951672
N3,0.0019816444350859394,0.29470827631692187,0.669561642492125,0.014563547532492343,0.01918488922337474
N3,0.0032580693922099795,0.3797431913735879,0.56415447652245,0.013504126033216551,0.03934013667853562
N3,0.006371576437515993,0.4471770942269057,0.49669205297188107,0.021238290245779612,0.028520986117917625
N3,0.0021417118837721437,0.33286716513553655,0.6334691708505382,0.01434357844117387,0.01717837368897916
N3,0.002865648695557891,0.24517155785045863,0.721570915200357,0.013169634057019538,0.01722224419660691
N2,0.0028336066489601268,0.5568153089951906,0.3767943855429321,0.018038590198729516,0.04551810861418763
N3,0.002024425990029717,0.3657411000375421,0.6113205783489172,0.00989425795109213,0.011019637672418722
N3,0.004784739766771874,0.3065378205357418,0.6678933119760267,0.009042434111628259,0.011741693609831474
N3,0.0028839413124175295,0.4571185873129826,0.46677423414612657,0.051779563734633625,0.02144367349383955
N3,0.0015549872912624958,0.22576668891274673,0.7541194948783458,0.009421629050357642,0.009137199867287466
N3,0.002942170647511366,0.1805391534723149,0.6614864737880526,0.1408733801045279,0.014158821987593174
N3,0.005727927320412985,0.31299894410552714,0.6251236667836901,0.009410530337388465,0.04673893145298124
N3,0.005007231846684448,0.4648361349625435,0.46800919271945285,0.007019960430531667,0.055127480040787616
N3,0.0026479085496370434,0.185873764291277,0.7940158453585522,0.0021905058022175378,0.015271975998316294
N3,0.0007186522287713041,0.05364745208448859,0.9241181235622061,0.013616316822560216,0.007899455301973626
N3,0.0014181990864833539,0.11101825268253522,0.8458450259289356,0.02173443015235215,0.01998409214969351
N3,0.0008777051448994683,0.07122166564791226,0.9160912755810485,0.0011543606625856071,0.01065499296355426
N3,0.00034798690324416837,0.039454617990907465,0.9484313309377718,0.0049114928067590415,0.006854571361317477
N3,0.0006893720238475589,0.0769510737564706,0.895710041773368,0.013699321923039838,0.01295019052327394
N3,0.00044282286895452926,0.05385810418098863,0.9369742575852319,0.0005098993920980433,0.008214915972726932
N3,0.0008371793966837921,0.03521096655168336,0.9504563321480408,0.006955520674671397,0.0065400012289206855
N3,0.0003267461043258312,0.038119985946261176,0.9415677314024794,0.00861923963641846,0.011366296910515076
N3,0.0015185986479603142,0.09639988398601818,0.8701901601599208,0.0159803463254082,0.015911010880692533
N3,0.0013202445108850317,0.06555052214394025,0.903689865716899,0.021390673725902545,0.00804869390237324
N3,0.0006989135544287686,0.061262636270684054,0.911699610251819,0.01760308006976417,0.008735759853304105
N3,0.0006315624962781644,0.050485419245231734,0.9301310900633937,0.012688492398656898,0.006063435796439312
N3,0.002596494036277346,0.10043766605883969,0.8385674331228363,0.04777365725142872,0.01062474953061778
N3,0.002762821161708729,0.06471547614266975,0.8886052315258395,0.027116251012337004,0.016800220157444954
N3,0.009192491740351406,0.10792999417169592,0.7535152917339637,0.08757348426280542,0.04178873809118352
N3,0.0015373247596616722,0.021120708531364357,0.9576592462268614,0.012690954711393516,0.006991765770719022
N3,0.00684866078991814,0.05361792588619236,0.9100094300907934,0.020215678410090157,0.009308304823005866
N3,0.00371791361020974,0.046687736981825094,0.930393683473173,0.011943673773231035,0.00725699216156123
N3,0.004227910612103004,0.05456667680847097,0.9128354540009666,0.020705677352644548,0.007664281225815159
N3,0.010727475923959066,0.11352198133850591,0.7264804188876105,0.13036771685891146,0.018902406991012834
N3,0.00026288324422169793,0.015185036986579503,0.9770442174184736,0.005166353162709633,0.002341509188015518
N3,0.002298684179270918,0.049651775401591165,0.887120181159876,0.0563172065135769,0.004612152745685027
N3,0.0006586082162260381,0.03652802514588813,0.9475188659309823,0.010740405969415431,0.004554094737488348
N3,0.002583962447451765,0.07166936165138366,0.8600143435712375,0.05808488363810793,0.007647448691819018
N3,0.0011130570236411366,0.06418611480819533,0.879211683841045,0.04852956136720564,0.006959582959912989
N3,0.002050364162380895,0.07467904260306614,0.8453762795347722,0.06586496015311916,0.012029353546661728
N3,0.0018701699046543081,0.09913883178519665,0.8705534219773032,0.019850764464310337,0.008586811868535427
N3,0.0006527430034368529,0.052300983726290884,0.9283846660053355,0.014450075672996818,0.00421153159193998
N3,0.00030598952174808956,0.0336631971753257,0.9552820503841093,0.007007266162079807,0.0037414967567372353
N3,0.0007998385977614116,0.09936858500290725,0.8803884845920409,0.012779594758635222,0.006663497048655199
N3,0.0008245496304495787,0.08534080920248215,0.900628299102882,0.008609955610885582,0.0045963864533005916
N3,0.0013486149014990134,0.16258762737687152,0.8140925962738534,0.012734725516534463,0.009236435931241564
N3,0.000713699726252399,0.09971901848307704,0.8908258867824478,0.004021823921474521,0.004719571086748367
N3,0.0007560631131016377,0.11058438939239357,0.8736662033067382,0.008758334807555557,0.006235009380211165
N3,0.0006790776530374448,0.07956912931359805,0.9047951303961841,0.007637587268230433,0.007319075368949811
N3,0.0007164197000368825,0.11325303234859657,0.8680757834265732,0.011060670405523007,0.006894094119270527
N3,0.0007354464142944525,0.13463581811394337,0.8502858398954046,0.004646263537178881,0.009696632039178569
N3,0.0002713363451216389,0.07708110587753848,0.914488272738039,0.001978754443244062,0.0061805305960566945
N3,0.0008685699052777826,0.1463222453738781,0.8399602743243366,0.0033926498629990886,0.009456260533508301
N3,0.001676185861696434,0.25267848784244024,0.7266753484680574,0.0004238150756860227,0.018546162752119986
N3,0.0006586129711830184,0.1527626112757577,0.8314562466257517,0.0037591849814454415,0.011363344145862136
N3,0.0011096666474924145,0.13989133442631568,0.8452502249125251,0.004161662697586255,0.009587111316080608
N3,0.0012562715738635927,0.13419289344288401,0.8483813775260676,0.006674753451769456,0.009494704005415447
N3,0.0022587587561290396,0.2757467852643874,0.6840494534694134,0.016183785031256274,0.02176121747881381
N3,0.002772462075101563,0.18524064956410574,0.7728077119100999,0.017208718438141167,0.02197045801255163
N3,0.0016573167283955544,0.1979799094672611,0.7797690363702207,0.009621053403452557,0.010972684030670048
N3,0.006603717341444317,0.3962889085527142,0.5479383476709374,0.02352473983785335,0.025644286597050685
N3,0.0020218743928039104,0.2753875426444466,0.6672935057251834,0.01952228471112424,0.03577479252644178
N3,0.006193907220062152,0.18521838832554613,0.7459742332539832,0.022615385144633567,0.039998086055775
W,0.032336596271226516,0.05462677627315872,0.039179889528738715,0.011082127676803395,0.8627746102500727
W,0.01621833893254703,0.08429461570366574,0.09603944532387407,0.025535555217769384,0.7779120448221437
W,0.00869463716480766,0.114477509364641,0.14573502647662215,0.02269207262330901,0.7084007543706201
W,0.009318359151515014,0.04791215732780731,0.013850718107107605,0.03998030541163832,0.8889384600019318
W,0.017607559309202894,0.16346351652910504,0.14453073173580286,0.0054003486736108166,0.6689978437522783
W,0.03704562549650316,0.281468196415497,0.07837615116834644,0.009712314888544136,0.5933977120311094
W,0.0038244781491751714,0.010317595107227013,0.009551821625471659,0.029608201499503682,0.9466979036186226
W,0.07408110112823828,0.23225227883448446,0.008264233666869266,0.008018328057132753,0.6773840583132752
W,0.08089398175313464,0.20680156686456352,0.0033114802187110704,0.0066123438881102205,0.7023806272754806
W,0.08658897330457631,0.21646297783488344,0.00451818853979504,0.021209916157003458,0.6712199441637418
N2,0.09724378673292354,0.6782763209942476,0.013978842221283296,0.028350450120618133,0.1821505999309273
W,0.0026164945732559766,0.017800850896342903,0.0031315331989906024,0.01506625570724903,0.9613848656241614
W,0.03871653045248121,0.11092595170802431,0.010341409460533958,0.014361194285815887,0.8256549140931445
W,0.031279086001068934,0.12423601320524115,0.00476889769267756,0.01025598850361923,0.8294600145973932
W,0.007882883447051157,0.17123759641403805,0.008219220748835836,0.011938769038700989,0.8007215303513741
W,0.05192946545864954,0.3042181466621249,0.0037512164269268675,0.10623721698264849,0.5338639544696502
W,0.029813937391482262,0.12792907501300096,0.009375263684996134,0.3997160488629327,0.43316567504758796
W,0.00410316664228948,0.03293723480913969,0.0032733947582785465,0.028859885322854075,0.9308263184674381
W,0.08898768820029922,0.2060292245155126,0.006790131928126049,0.027593981818296046,0.6705989735377661
W,0.0389701276893632,0.16119217668367977,0.0042110933574787575,0.017034123366155868,0.7785924789033224
N2,0.15302657214021326,0.5052828672844311,0.006475194895590222,0.0762446059986789,0.2589707596810867
N2,0.22179746728864771,0.4559897281711387,0.0033159648413240957,0.08811513872106404,0.23078170097782535
W,0.25720327179257174,0.27143916391448525,0.0036277021696674554,0.1307591807465637,0.33697068137671193
W,0.10253607012164472,0.08639244976905304,0.0034543770461304257,0.05737604422538445,0.7502410588377874
N1,0.37170947059624454,0.2356286100477251,0.0011929754853960738,0.050179817300684326,0.3412891265699499
N1,0.4050577323283143,0.2284923036241819,0.0014179824069594255,0.08722109853932804,0.2778108831012162
W,0.012196294907301666,0.01584120597739024,0.0013398381654876035,0.015284239376277611,0.955338421573543
W,0.02478336833823557,0.04340259026006191,0.0011247590395632363,0.07647362781956149,0.8542156545425779
W,0.06684557691299159,0.07877622918999264,0.0008121996557785813,0.09119835833239415,0.7623676359088432
W,0.2876832366588625,0.09442829535840018,0.00023281227189785205,0.09512504346625242,0.5225306122445871
W,0.0005545212532506094,0.0014713723946935488,0.0005652861541475148,0.011352866243347897,0.9860559539545604
W,0.03415986194690568,0.03432732048447206,0.0012302274708001087,0.010673895780708533,0.9196086943171136
W,0.09198322765200305,0.23751251684667718,0.004028010059187759,0.012669044213469004,0.653807201228663
W,0.009257283339080902,0.018480447269797428,0.0011894131497024757,0.009107485267927935,0.9619653709734913
W,0.20779295411170567,0.1961668295049975,0.0038399602766534193,0.18405529958331404,0.4081449565233293
W,0.20198124248295846,0.2042994916693487,0.0058341510196636874,0.22145502676771303,0.36643008806031613
W,0.2641387809538727,0.24260669014822003,0.0006658402277799011,0.14780455168727055,0.3447841369828568
W,0.09931510443861871,0.22634446090801807,0.0019008471915712383,0.1887175774672243,0.4837220099945676
W,0.1215374089207668,0.2795772901918476,0.0047212083894190415,0.24200174000714073,0.35216235249082584
W,0.02630252727593283,0.2505076405370941,0.0024752120325881666,0.05518125545189766,0.6655333647024873
W,0.024074096644944528,0.11690927002472543,0.01051014524356779,0.0634689268005228,0.7850375612862395
W,0.1394471391375198,0.1399633196070724,0.0009565313022121795,0.1324316683058489,0.5872013416473466
W,0.025152945057691705,0.2812181664347637,0.003974822764003455,0.038891293695896584,0.6507627720476445
W,0.118955507097266,0.05989893150581921,0.000609233557554154,0.029338570247944906,0.7911977575914159
W,0.0019195233826166023,0.005357842846312606,0.003995272252552752,0.0163111393070572,0.9724162222114607
W,0.004402505666250644,0.036151154957360015,0.011450097110694037,0.048712338768979596,0.8992839034967158
W,0.023481872674741458,0.10889591349958826,0.018765467531926993,0.004351701744221273,0.844505044549522
W,0.17033223706580491,0.30090517701152697,0.011387373127122912,0.006535338789609803,0.5108398740059353
W,0.039964556400091805,0.3393223842401492,0.010382483665482804,0.009231542887325625,0.6010990328069505
N2,0.17251518994151568,0.4081549901898948,0.00442928326802381,0.06662148181784795,0.34827905478271776
W,0.003488482057999961,0.00870573328518845,0.001125219454478111,0.01945106982185673,0.9672294953804768
W,0.03867824408314617,0.04945846975792803,0.006398542014524596,0.23246340147413314,0.6730013426702681
W,0.031211120389520258,0.08386653247594593,0.00727457369965018,0.2145073538290571,0.6631404196058266
W,0.02751259616835208,0.0816426896937202,0.009346980837924065,0.23960699918950207,0.6418907341105015
W,0.01643297937078138,0.023071471832136124,0.005661648508086639,0.059675635585211745,0.895158264703784
W,0.05251894559147974,0.19841802101450035,0.035820073854942916,0.09088735665382192,0.622355602885255
W,0.03325960643607091,0.10706801173175506,0.05740173757134247,0.10429307655779925,0.6979775677030323
W,0.0491407822481714,0.1715320102842857,0.06917182323832079,0.0830159536001532,0.6271394306290689
N2,0.03351142197250779,0.37908800582410607,0.10314670697523722,0.11643598935622738,0.36781787587192144
N2,0.05216571929087422,0.38836827504410865,0.056997519675668115,0.1978586634203374,0.30460982256901165
W,0.038190644666870194,0.2720138579557394,0.07353242562226589,0.20341417457926603,0.41284889717585854
N2,0.04081353889326809,0.34179789984323045,0.03267201330821814,0.3219255011932389,0.2627910467620443
R,0.027391548469348864,0.1578082347412972,0.06151771743866204,0.46007144701202046,0.29321105233867145
W,0.015331965469887483,0.09575532277753583,0.005249003728962349,0.013313923260913414,0.870349784762701
N2,0.1850759870230171,0.3900919129207451,0.0020998713451100236,0.11739373492292135,0.30533849378820643
N2,0.1829134369227199,0.36145613728211057,0.0029905851846655325,0.1454146961177444,0.30722514449275956
N2,0.2260347978388989,0.3254690216746785,0.0036441679392360416,0.21398672832453822,0.23086528422264838
N2,0.2408302336073934,0.31911115942858015,0.0034229832115447705,0.16238111123888782,0.2742545125135939
N2,0.25631023700391103,0.3743492535885396,0.010316636313856428,0.14454721869813097,0.214476654395562
W,0.22820633144682304,0.2968574972078998,0.011452847638216457,0.1463084747944679,0.31717484891259284
W,0.18201165107590944,0.1395442041065609,0.01031969644062292,0.10646165978672505,0.5616627885901817
N2,0.1281798631493033,0.3833585813262031,0.015938961416047993,0.1553355681955739,0.3171870259128718
W,0.20067070014295724,0.22507678912133544,0.006128861301074455,0.1331023361049877,0.4350213133296453
N2,0.18286069364212856,0.4471924138757491,0.004849994994848475,0.1766072151041408,0.18848968238313316
N2,0.20317020359192817,0.4052592856094131,0.0028240873208359224,0.18442872233995516,0.2043177011378677
N2,0.2263312547500762,0.3690541989347521,0.0026466193608944005,0.218540646348434,0.18342728060584343
R,0.1703442768299219,0.36284028506855226,0.0019491740093060576,0.3655913234271623,0.09927494066505743
N2,0.16133631115684632,0.4339539169753387,0.002976133843591168,0.2979005882611373,0.10383304976308667
N2,0.11159277420014597,0.36914522385225657,0.005320188901071059,0.34327747263779385,0.17066434040873246
W,0.1655069564602944,0.189510526023328,0.006115420049347696,0.30023058090355853,0.3386365165634714
R,0.2841998105554484,0.23155870705533074,0.0022207650954505164,0.3007986181135615,0.1812220991802087
N2,0.26749661464593566,0.34159822317150806,0.005790264479779246,0.164165028957377,0.22094986874540015
R,0.2523625701965269,0.23762573115092653,0.00597699036479513,0.2590124569555214,0.24502225133223
N2,0.10137897071778255,0.3774811204844282,0.006886175894785327,0.24227353448166644,0.27198019842133747
N2,0.13461376075390916,0.3639322266807495,0.010291908953389968,0.24803513304694463,0.24312697056500684
N2,0.21417893000917954,0.30513158776660404,0.00800293645314908,0.2304747840143965,0.24221176175667075
R,0.2047784387156237,0.2846565297518299,0.006576353007972826,0.3109794414709455,0.19300923705362802
N2,0.18523255081644277,0.39730573543326736,0.004201048241822484,0.2347235024338698,0.17853716307459747
N2,0.14882825013481416,0.5589267308558232,0.0021817684494064705,0.21661973064803175,0.07344351991192438
R,0.1927483384379422,0.2858017503242369,0.0014595494281903782,0.3675771354310832,0.15241322637854732
R,0.14084677252991198,0.33329302866733607,0.003772881575741394,0.34540145406502815,0.17668586316198226
N2,0.10844744860876158,0.46825583494573114,0.0035075491057124262,0.23365402079069525,0.18613514654909968
R,0.12803215655442984,0.3135737666509694,0.005476590684704725,0.4102330245712979,0.14268446153859812
N2,0.1371361541965749,0.39633608683889693,0.012276038472576063,0.3727761865388736,0.0814755339530785
N2,0.1595567118588842,0.39009530279783017,0.00416042941514077,0.33918237848358535,0.1070051774445596
N2,0.17251196229634416,0.4038604178720424,0.004317830904439376,0.3464258476270434,0.07288394130013048
N2,0.1592869987848687,0.4006601766195261,0.0019368921602934822,0.38469117908274053,0.05342475335257119
N2,0.1525598687468116,0.43931686837346534,0.0017722445057929545,0.29670292326579806,0.10964809510813195
N2,0.10571151345368662,0.5231147222723126,0.00469589064567592,0.3023800418417603,0.06409783178656447
R,0.16062418321309227,0.24777721609686607,0.007679808893217363,0.460344175933025,0.1235746158637992
N2,0.12600801429843278,0.4755817353508026,0.005918139308036001,0.2985171048278731,0.09397500621485548
N2,0.09867577856738764,0.5249958433846951,0.010047939522729305,0.3274768406688479,0.03880359785634017
N2,0.0704372434146875,0.7331230892432836,0.0033765267224124085,0.1434328064820635,0.04963033413755291
N2,0.13903540361273717,0.4315039348408688,0.004319628923020326,0.3239546956372789,0.10118633698609475
N2,0.07489092972260612,0.5727535609659147,0.0030244241785461834,0.2762823982691972,0.07304868686373574
N2,0.05478790092871335,0.6567803132214036,0.001474636145790189,0.23086765268436277,0.056089497019730164
R,0.1116945764275676,0.30647728835292537,0.0017322324892250864,0.46704940792858946,0.1130464948016926
N2,0.044506596070923846,0.7364572884467957,0.0034725234949119768,0.13809472397282238,0.07746886801454604
N2,0.11518932013833438,0.5837370511359774,0.0019693583917093473,0.1942356676889187,0.10486860264506023
N2,0.11875404356540975,0.5524129795121695,0.0033098099710561846,0.2137571570813894,0.11176600986997512
N2,0.03685269825877014,0.6301140073436428,0.002060738099178812,0.24658479571342665,0.08438776058498164
N2,0.14173365279330877,0.4531510823173525,0.0055836010492231695,0.22169085834056942,0.17784080549954615
N2,0.07736261083034296,0.6532316702798573,0.006345493884412728,0.20747573864729305,0.055584486358094064
N2,0.14710930025048863,0.5423019606731905,0.0025963995178379983,0.23674572944554886,0.07124661011293394
N2,0.16727997908564138,0.511169860460499,0.008299538121652815,0.2503484107115024,0.06290221162070442
N2,0.04668496685810849,0.784579918116393,0.004935224724072338,0.1306474948133439,0.03315239548808215
N2,0.18545427467878403,0.46440248514484506,0.007409780753520862,0.22268767590022004,0.1200457835226301
N2,0.10457254004167152,0.6220034145220847,0.003133127757107619,0.18891212993122747,0.0813787877479087
N2,0.03955648041426901,0.7671745080835872,0.00870866489404872,0.1109646829847373,0.07359566362335773
N2,0.04852567142273294,0.7969199491165623,0.004720475452477212,0.09099519709514707,0.05883870691308043
N2,0.02173229115687219,0.8522423818220848,0.004591772539414951,0.0741053279781813,0.04732822650344673
N2,0.04834463103283148,0.7767963886541248,0.0024391550575710483,0.11231710317200598,0.06010272208346668
N2,0.02241564565693146,0.7694622429006805,0.006674383121494715,0.1695331664140297,0.0319145619068637
N2,0.00846281088803126,0.9076701638019518,0.0026321364728021895,0.07231778189404496,0.008917106943169722
W,0.0093600693477139,0.05648669759151503,0.033685517851397485,0.030302948823198103,0.8701647663861755
N2,0.06196373413364166,0.5764439498074162,0.0402727026998786,0.04058112849835694,0.2807384848607066
W,0.049642097919398484,0.3429681291187709,0.09457908414328205,0.004870642851087231,0.5079400459674615
W,0.11484912676228033,0.28005575132063987,0.1725446250243201,0.006451481542607492,0.4260990153501523
N2,0.06484084263887992,0.7671172401496631,0.11485917588706492,0.0024469655462790174,0.05073577577811283
W,0.04992341180648251,0.05227735874505036,0.02626873959677691,0.3192353397153428,0.5522951501363474
N2,0.182767523307955,0.5054413969746024,0.15867007941741923,0.010939063530488012,0.1421819367695355
N2,0.10019069741548775,0.7235259498442865,0.04221932667636492,0.014123884838557092,0.11994014122530369
N2,0.1311437036240836,0.7284912868722359,0.06452119921598627,0.01578883199949326,0.060054978288201125
N2,0.14226668472718515,0.7863740017703251,0.018676325712373022,0.002797858724616353,0.04988512906550031
N2,0.12479013326812358,0.811710983795113,0.016890713659247644,0.005767780500126559,0.04084038877738924
N2,0.029005975273611206,0.8470637443717052,0.05507844491092934,0.011361480277198148,0.05749035516655605
N2,0.038659548264194765,0.8214184307047007,0.05357755800128552,0.02301914557372027,0.06332531745609889
N2,0.018137156949540174,0.8454824981382011,0.052307236471158355,0.009650984876476285,0.0744221235646241
N2,0.0265417445944705,0.8251270382375776,0.053313149737759025,0.057299228656482765,0.03771883877370994
N2,0.031442241569289056,0.7884273717084335,0.015181574060323538,0.11244877097137872,0.05250004169057524
N2,0.0363098110696142,0.8929651597391491,0.017508939269021157,0.03137053292348588,0.021845556998729466
N2,0.013893329385674731,0.9409960850990041,0.009478866390587492,0.02042873937366001,0.015202979751073653
N2,0.04688743949424615,0.9158225122969021,0.014880521773082498,0.00754190777937335,0.014867618656395689
N2,0.013630528110131416,0.9563221485219907,0.010786417399998045,0.008339785386601562,0.010921120581278036
N2,0.037974517499222815,0.887873634047279,0.011385198354328548,0.02786866125719793,0.034897988841971816
N2,0.04932662733755386,0.8566845366616034,0.00655712562057701,0.03747063196259394,0.04996107841767167
N2,0.011732178940075473,0.9239724968986844,0.011531184655587296,0.02106353527730162,0.03170060422835119
N2,0.012934343017582114,0.9492235231182188,0.010797424444164884,0.008304489857593815,0.0187402195624403
N2,0.022228657997427757,0.9348659726514018,0.010272969920275637,0.013234575073873312,0.019397824357021344
N2,0.03127693479992475,0.9235740373677985,0.022172586414446367,0.008995446384233245,0.013980995033596877
N2,0.02422690589704317,0.9108895436092478,0.026297801866897244,0.01191612748354637,0.026669621143265435
N2,0.030614399720185426,0.9201451368183522,0.016615672821679642,0.011327220197563386,0.021297570442219367
N2,0.019634498644182836,0.936872067173264,0.01622106017757859,0.011042024435181819,0.016230349569792853
N2,0.019336574687905065,0.9614518565351025,0.00649824163379383,0.0033235143880883345,0.009389812755110409
N2,0.019602711931775752,0.9517093083863666,0.013468525947198141,0.0034638726444227393,0.011755581090236876
N2,0.02123430295983862,0.9389029167063361,0.022131959550520053,0.004326568901597461,0.013404251881707737
N2,0.03171928094092515,0.9245402272527655,0.012875185487253244,0.00656915997045779,0.024296146348598325
N2,0.04046118884819125,0.9212495494926474,0.006442122607813245,0.008848746405475562,0.022998392645872705
W,0.006903384671308614,0.12609871233844097,0.3008282294363234,0.02844892565680518,0.5377207478971218
W,0.033903939063769595,0.12648893121132146,0.09041182872825664,0.031263145613045176,0.7179321553836072
W,0.003489579690402946,0.018736494350254294,0.06710233593716097,0.15683790949566498,0.7538336805265168
N2,0.0783494862009968,0.6242594844860302,0.03641985108494298,0.002870080520535317,0.25810109770749456
W,0.23442718815081418,0.3115722097348912,0.0028835287339911975,0.008109374530028886,0.4430076988502745
W,0.044533466217347106,0.08316618654074845,0.017284838811312413,0.023399079261399898,0.8316164291691922
N2,0.2228479729098441,0.6112471432666644,0.017668920082486907,0.024895322869339414,0.12334064087166505
N2,0.13206542439348987,0.8068080501988556,0.0046781029967816416,0.021003374154614264,0.03544504825625866
N2,0.06862974917858633,0.858044049160655,0.022263356833112122,0.021837464544785672,0.02922538028286077
N2,0.11885395562055828,0.7767330330339138,0.010614821120179974,0.03802077389027934,0.05577741633506865
N2,0.030836004823329977,0.9318417350342701,0.006762838837126807,0.007968194628284206,0.022591226676988773
N2,0.08098767151070636,0.8707291470461145,0.0024500159785490055,0.02003219563396462,0.02580096983066556
N2,0.07619137857251193,0.8050091112790224,0.0012073342096221508,0.05818018550180349,0.059411990437040235
N2,0.0666208548450294,0.788449886743136,0.004948399869682316,0.06741761266303553,0.07256324587911672
N2,0.07562140548021883,0.7742847053704709,0.0013929754612440194,0.08577483483746647,0.06292607885059973
N2,0.20615942866712256,0.4470044340075545,0.00313985819266554,0.12912460765906297,0.2145716714735944
N2,0.11817795488915439,0.5487958548357169,0.001886030317397292,0.08505699072771562,0.24608316923001575
N2,0.19152484418306773,0.4531545847478136,0.0026252233064714718,0.1217856995178264,0.23090964824482074
N2,0.16614490706981086,0.43670073584622277,0.0009289682178957521,0.209118671390739,0.18710671747533159
N2,0.10568884350660483,0.6080288627449629,0.002696396206662395,0.08111462188398581,0.20247127565778397
N2,0.043453556213617114,0.7649231922454389,0.0037106073955276886,0.02448247481402752,0.1634301693313889
N2,0.05318157409407181,0.7864510855465916,0.0034162001533636693,0.030061655003783577,0.12688948520218918
N2,0.058841156786443416,0.7803840552234408,0.004036827767850921,0.04348348202549983,0.11325447819676521
N2,0.03515069857324584,0.8755944909740624,0.0017156119093330467,0.03576347513346641,0.05177572340989231
N2,0.06812195871271928,0.8149005632437225,0.0031614809723237627,0.04766718558618008,0.06614881148505437
N2,0.06552741734950729,0.8362257356939101,0.0016737943236752363,0.06607490002824871,0.030498152604658817
N2,0.031366778928491976,0.9005367727790115,0.0029563496659150315,0.020364069526249938,0.044776029100331564
N2,0.15231082889485806,0.6817893896225679,0.0017695860402957802,0.05904444471876612,0.10508575072351221
N2,0.05111002686239318,0.8230212023365058,0.00381202282723139,0.026378585405990432,0.09567816256787925
N2,0.026546732685432083,0.9171403157946404,0.008438578054004787,0.010083695985752187,0.03779067748017046
W,0.00987176380262306,0.02077295547392583,0.022759728067737354,0.1268399671187738,0.8197555855369401
N2,0.06005243890404773,0.7091938823594717,0.15024083757277307,0.005961025052266372,0.07455181611144122
N2,0.1009544794017203,0.8050992248990176,0.024214791292997556,0.014227206901543285,0.055504297504721224
N2,0.1320342887826791,0.8305518612137445,0.009983775181052007,0.0064354347255476336,0.02099464009697674
N2,0.06496567870813232,0.9030437585553023,0.018212102766993837,0.0012867870897094991,0.012491672879861991
N2,0.09068858963104627,0.8884125868512444,0.009432007460344923,0.003349313705173074,0.008117502352191587
N2,0.03008467075020539,0.9402723578527289,0.021000823971787867,0.0009110136602372996,0.007731133765040399
N2,0.034896485257299485,0.923421070391247,0.0293757346616628,0.00249240071260016,0.009814308977190551
N2,0.02155043512762877,0.9485454138919277,0.004861144525818558,0.008362754550288929,0.01668025190433609
N2,0.020832898116507022,0.9169376890716914,0.01034598883033949,0.026564115311079273,0.025319308670383015
N2,0.03589502999531867,0.9125094605367261,0.006545252247845577,0.02881198848532396,0.016238268734785743
N2,0.047742881247459824,0.8945971543926571,0.0063278532349585566,0.029657650405699034,0.021674460719225623
N2,0.03750933617229094,0.9120549049318268,0.007854223877653473,0.02952133382659886,0.013060201191629957
N2,0.07104087300524639,0.5840382389729722,0.013936189206908624,0.3161617411743164,0.01482295764055628
R,0.09460649481765257,0.2959506048020118,0.0032677186479968976,0.5897121385482655,0.016463043184073187
N2,0.020960665414458103,0.7935484783729586,0.07326431970372989,0.09121289634300311,0.021013640165850125
N2,0.1006100847249912,0.705311389604057,0.012860314621160869,0.14743975826026431,0.03377845278952671
N2,0.030838612174010595,0.8322660810361345,0.05370186155633078,0.06296340195349391,0.02023004328003007
N2,0.022114868077792012,0.8443939231768707,0.01854504194581748,0.09706724050640606,0.017878926293113717
N2,0.03973560781758207,0.8183591667173618,0.022113460866516655,0.09697752478880817,0.02281423980973134
N2,0.0102338673816763,0.7602342959036836,0.013287258198991868,0.19566787146371936,0.02057670705192915
N2,0.01274299444477155,0.6854363838915343,0.009320131341065014,0.27678023108874,0.015720259233889096
N2,0.009041510367497502,0.8228072054809904,0.06593093479742547,0.08562761730314299,0.016592732050943693
N2,0.03850034303212823,0.8193192666573152,0.029659285636616753,0.08147074459063029,0.03105036008330937
N2,0.023682091894356255,0.8819579281123215,0.04767847879549497,0.02475535845012788,0.021926142747699214
N2,0.014574914959302061,0.9356313254813418,0.03368367977586061,0.005103830246982763,0.011006249536513002
N2,0.01299048865013677,0.8088156153288746,0.14353813162557397,0.01201427271127397,0.022641491684140876
N2,0.04035154745622734,0.8896778030432789,0.0390488791560066,0.005581736501704904,0.02534003384278227
N2,0.05067493500890974,0.8723009898832728,0.017225574383337,0.02189358151777594,0.037904919206704496
N2,0.03892491073180241,0.8709259361886678,0.04690493161398654,0.025333246528119885,0.01791097493742352
N2,0.06916655396643848,0.8489264346419971,0.030424296881319625,0.011155876959841205,0.04032683755040347
N2,0.006489386884497574,0.7973873401314678,0.17472734246731797,0.0033058268112382124,0.018090103705478432
N2,0.025785107297024393,0.859366831246412,0.08850967579406799,0.011756541636864003,0.014581844025631634
N2,0.016768763176651772,0.8624807820229677,0.07317769391656924,0.010399266001040054,0.03717349488277109
N2,0.007064680767152004,0.7978362285220436,0.18007068528443493,0.002325293946221402,0.01270311148014794
N2,0.014904603401876318,0.9263852643149663,0.03743164012383683,0.005023809267600244,0.016254682891720402
N2,0.012058320158238862,0.7862206689567698,0.1822232869533118,0.009273685953490573,0.010224037978188874
N2,0.017291825558945075,0.8143997674724041,0.15085459478332994,0.00816818048563549,0.009285631699685498
N2,0.027926392076148714,0.8587134569847524,0.07443318770503886,0.02147845842031911,0.017448504813740887
N2,0.018782455498098347,0.8355020111028005,0.11620745771372827,0.011651374518947983,0.01785670116642487
N2,0.007520054483425009,0.783679657240165,0.19046281222387934,0.008312201012860945,0.010025275039669759
N2,0.02070679805194091,0.8654066310815469,0.0923182502808049,0.009776521521877303,0.011791799063830023
N2,0.006857683884240462,0.7888335632592293,0.18408217647052205,0.008834585719856833,0.011391990666151375
N2,0.008049671347037808,0.8463805011979978,0.12556878243065175,0.009662096061095117,0.010338948963217678
N2,0.034813543146944376,0.5355536834459,0.3196703250738209,0.01366377066563719,0.09629867766769726
N2,0.05127306188689048,0.826288424285424,0.06273993448471261,0.01295219593287972,0.04674638341009306
N2,0.04252073517883979,0.8407554955644307,0.07813754132406414,0.02492609524370348,0.01366013268896198
N2,0.12050640568291436,0.5890491450323599,0.03596975673790242,0.20382201471563036,0.05065267783119293
N2,0.04666683570133735,0.7903898985549808,0.023133975346734375,0.10877140310107176,0.03103788729587575
N2,0.051575910745859654,0.7318872663922231,0.05454275974356091,0.12009969260022105,0.041894370518135236
N2,0.04100548733208363,0.6229815191180066,0.16069924658997586,0.13103049382900642,0.04428325313092752
N2,0.021957401096735805,0.7286339131219127,0.06927937878377131,0.013368882437215974,0.16676042456036422
N2,0.012201300272332846,0.7839516760289196,0.09878815148882528,0.04813634193618708,0.05692253027373525
N2,0.009164486911299381,0.7930045465160286,0.11310320375257198,0.020696366163235044,0.06403139665686511
N2,0.07208597085742828,0.7987281313216356,0.010377262428381783,0.0469971234019973,0.07181151199055719
N2,0.0896470569537461,0.8308003912003001,0.0018560583215420953,0.051094079503078586,0.026602414021332992
N2,0.04728135905578524,0.8771152748248519,0.002935592825003339,0.04553650578738958,0.02713126750696998
N2,0.1064691238187031,0.75753599099104,0.003779634060135949,0.04977554120125731,0.0824397099288637
W,0.011441024688330841,0.08657855933518867,0.008111457992779132,0.09478526192039619,0.7990836960633051
N2,0.27843727187296574,0.43860595038341105,0.006416748585560806,0.0225615511835174,0.253978477974545
N1,0.46193963861563,0.36072959427641854,0.0011165001404281195,0.052770085510281506,0.12344418145724198
N2,0.2226966511245955,0.515019994488764,0.0018400338669801565,0.08266131197626599,0.1777820085433943
N2,0.24369452435723565,0.6001277736395859,0.0019135555976141298,0.04801714505487411,0.10624700135069023
N2,0.2256598064008126,0.5636889031394626,0.00031831107511228683,0.07643883427792639,0.13389414510668618
W,0.1056064522852402,0.3689263150584707,0.005568715937220586,0.13790149405477387,0.3819970226642947
N2,0.23827142210304142,0.32593210447236,0.000904860351700482,0.3017322428508183,0.13315937022207966
N2,0.09540430489041882,0.39735913414701607,0.0036331012491067,0.3597495789835583,0.14385388072989996
N2,0.048235446937404565,0.7335821599480767,0.005968264122988603,0.11769429932358216,0.0945198296679479
N2,0.2622788877811911,0.34218085874934057,0.0017774550332181646,0.21653015078065305,0.17723264765559724
W,0.29878077367844236,0.23549282837137206,0.0009773954269491683,0.1596411095932371,0.3051078929299993
N1,0.44132431821957674,0.20404398125456671,0.0013920489194369843,0.18060049214402568,0.1726391594623938
N2,0.20008168885319896,0.5964200663364054,0.000991559822937096,0.0859386370572331,0.11656804793022536
N2,0.18292127276327955,0.5289026950252774,0.0007216142548759891,0.10191282378761933,0.18554159416894772
W,0.06504885405872826,0.25900107725111415,0.001994220523604564,0.26111205673571125,0.41284379143084177
W,0.008969677168698778,0.06765446528730797,0.001358502816849184,0.04771465690195974,0.8743026978251843
N2,0.2651703286697356,0.32708173032558396,0.003874477150502721,0.14414977509311638,0.2597236887610614
N2,0.31697894787793696,0.5089973934005138,0.004567395727635889,0.02987062684933796,0.13958563614457548
N2,0.18176283543691474,0.5377092747808386,0.011154746216846744,0.030389638200534485,0.23898350536486543
W,0.09952050204095508,0.15228123351186768,0.004627820151802579,0.05922964895473729,0.6843407953406373
W,0.11097803650700667,0.1297997518924415,0.005939433631850111,0.036093678323141754,0.71718909964556
W,0.3012755770795485,0.2978509153159485,0.0077036209392749265,0.031155017880126694,0.3620148687851014
N2,0.27171838475631815,0.36443573021988745,0.007767340363096931,0.01981231336418665,0.33626623129651073
W,0.016423856125521677,0.07421443105955328,0.003252089379938855,0.003413480965793019,0.9026961424691933
W,0.3018259902605798,0.19297974505973592,0.001749730788175071,0.08448104235275998,0.41896349153874923
W,0.2187106711753949,0.2154546386734844,0.0014432914461021133,0.10285073259489426,0.46154066611012445
N1,0.5102507357190863,0.10573862394453258,0.0007239687597618515,0.10823255279245808,0.2750541187841612
N1,0.4841984821999137,0.17392721636595085,0.00031995687730464997,0.07397930856932104,0.26757503598750987
W,0.3958426742136427,0.11484051561159628,0.0008864550939428495,0.07263321384707389,0.41579714123374434
W,0.13007718982825844,0.04821239177143484,0.0003780883475301709,0.1078842546733941,0.7134480753793826
N1,0.42890984146227146,0.10042631930871612,0.0002610531664121875,0.08663859943456233,0.38376418662803796
N3,0.009155056308701033,0.018572124048757667,0.8527924922229873,0.00611993589835096,0.11336039152120313
W,0.214520554567897,0.20236070768503553,0.005763993200898779,0.19470470129328107,0.38265004325288754
N2,0.14154431590331748,0.6089021618386548,0.054119224983203255,0.1105008704792071,0.08493342679561745
R,0.03167612957379396,0.1117416048278499,0.0966998425717436,0.38822433443326804,0.37165808859334454
W,2.5348573528002445e-07,2.824593210695506e-06,6.099474979891295e-06,8.419175047372998e-06,0.9999824032710267
N1,0.5017772088788972,0.0928985843081449,0.01277470025183841,0.01580765997740476,0.3767418465837147
N1,0.4666822649122449,0.10660165770762907,0.004516016109389261,0.11132026168488478,0.3108797995858517
N1,0.5911093908182372,0.19863258429720212,0.0003203869384873439,0.04766105354702388,0.1622765843990496
N1,0.7906711127081114,0.0652066524335868,0.0002695995160419734,0.04257852673163396,0.10127410861062584
N1,0.8126256947314914,0.059259746349026095,0.00020930017602891247,0.05576190833701974,0.07214335040643377
N1,0.47467625440605593,0.07535471793838926,0.00029631620178912786,0.07427598403503492,0.3753967274187307
N1,0.38262062130266117,0.3094447470775825,0.0010823390769369083,0.17783857888612228,0.129013713656697
W,0.06707155846446884,0.07563230006278017,0.002620309869362892,0.12102691654554713,0.7336489150578409
W,0.16205903637469013,0.046237868754502746,0.0017678564242248024,0.1223322852858396,0.6676029531607426
W,0.006452997299694019,0.029863643698268633,0.008926579622837568,0.03464159629901662,0.9201151830801833
W,0.0776021270201683,0.12437118934266142,0.0021438079430854493,0.006618507847325352,0.7892643678467596
W,0.19730832827194206,0.09876589734998235,0.0006374923959477864,0.007578470005527619,0.6957098119766002
N1,0.43069794059756583,0.14631693059107834,0.0007408241542923153,0.007443375426199559,0.4148009292308639
W,0.03541509787796539,0.053825472371582674,0.026021593840483366,0.004784484539824542,0.8799533513701441
N1,0.5600668155635026,0.2407671813542682,0.0033213606853341867,0.00795365919047419,0.18789098320642078
N1,0.595870550550025,0.08383392055879833,0.0008048246813010754,0.014660685946662083,0.30483001826321354
N1,0.49013825108116055,0.1269874222940147,0.0016789449413784304,0.05225024612369013,0.3289451355597562
N1,0.5575540949834857,0.11504401089271168,0.00041767798493458824,0.02749655001617247,0.2994876661226955
N1,0.3610845481360217,0.2991951297297488,0.0004265806973715749,0.04627644436172209,0.2930172970751357
W,0.29788645317581397,0.08191779044715082,0.000433877378185388,0.06151590092302105,0.5582459780758289
N2,0.2834658579323156,0.2984792301715225,0.0008978116148221029,0.17452289585266317,0.2426342044286766
W,0.04864777242771885,0.22458448418192492,0.00026646327963604136,0.11603464425695502,0.6104666358537651
W,0.12449214455950099,0.13547230185363826,0.00029734893922019507,0.12150010664346174,0.6182380980041788
W,0.17148978195090464,0.211765393308389,0.000411755114693156,0.1886900555649607,0.4276430140610526
N2,0.1809593900214758,0.3252450324631185,0.0003247738678261396,0.30187490251903293,0.19159590112854655
N2,0.23948499383137048,0.3103816335965488,0.000763309854461998,0.26767909668814643,0.18169096602947232
N1,0.28855743194582717,0.21105605091986465,0.0008108062628846371,0.2339169181142589,0.26565879275716475
R,0.22737187430262396,0.1265300111897799,0.0006295155020848726,0.438659906411171,0.20680869259434032
W,0.19037105550709132,0.07936874421463644,0.0003626183562732026,0.32726594663823555,0.4026316352837636
R,0.21641853060386246,0.10829008237175163,0.0008705842312202752,0.381781084424376,0.2926397183687895
W,0.0641873917057191,0.1298358805348459,0.003164037848370268,0.33584362001914564,0.4669690698919192
R,0.20446891928439362,0.1145161896762442,0.0015482947279612529,0.4435172643403109,0.23594933197108997
R,0.024754726490024893,0.051504834372053325,0.0012527190508476226,0.5082981368572753,0.4141895832297987
N1,0.3796920688429812,0.34687586819022614,0.008570673982205766,0.080805285563831,0.18405610342075593
N1,0.35115726939216857,0.3507992770102449,0.014802311100111239,0.045742512429624335,0.2374986300678509
N2,0.31181727341773446,0.42516470547152874,0.004976694236962456,0.008483727635588264,0.24955759923818607
W,0.09524956610921506,0.04381764947622612,0.001421362480618774,0.004994448315046979,0.8545169736188931
W,0.01843788347901227,0.005843905614565465,0.00020947244785496483,0.0002839723316610988,0.9752247661269063
W,0.07276699865412256,0.07963373736989211,0.0016931631803091094,0.0020160659220306554,0.8438900348736456
N1,0.46242587454757156,0.1432565527167834,0.0015741541505395948,0.058526564172983124,0.33421685441212234
N1,0.36348147269423253,0.20374304512042862,0.001630601498296925,0.0737091374421632,0.35743574324487876
W,0.04028344220952499,0.08670277964643221,0.013642715372457686,0.12163804927618962,0.7377330134953954
N1,0.5296011238255568,0.15597049195513638,0.0014254322638594756,0.02423013941570357,0.28877281253974374
N1,0.5894335255054781,0.07422925986245713,0.0006558792210511408,0.10129954019615048,0.23438179521486321
W,0.3129059643254998,0.07426932595433944,0.0002703750415984082,0.06789173838029984,0.5446625962982626
W,0.32476422681622824,0.17106667565589517,0.0012778854260378034,0.10042740099442012,0.4024638111074186
N2,0.2586151129572133,0.4094918332727498,0.002568534462725758,0.12326624135673213,0.20605827795057904
W,0.0414691886829471,0.08599029432934202,0.00017869463807266195,0.0431744127167548,0.8291874096328835
W,0.09389184065252702,0.04346045663580656,0.00022352628295354134,0.13551274148369327,0.7269114349450196
R,0.20872705168812172,0.09256236926060338,0.00023525380106712338,0.454252712851739,0.2442226123984688
R,0.13248591792620076,0.17540609876050667,0.0013543083927052872,0.431722330530448,0.25903134439013936
R,0.2263143746304365,0.08121467743493281,0.00014268724815322872,0.3700884055936129,0.32223985509286457
R,0.3027839133996447,0.1701346949220004,0.000949027821973402,0.3496150690870286,0.17651729476935277
R,0.25395052732097706,0.11809437000889708,0.00038320244720784706,0.32814712887437675,0.2994247713485411
R,0.18223839118322505,0.13608761040131465,0.00028862288213959687,0.3980845788397818,0.28330079669353886
W,0.16198935131810874,0.09246217256217416,0.00014239408611725106,0.35681045715014736,0.3885956248834524
R,0.20557519403249033,0.17123604844894555,0.0007004096497505138,0.33262928835877115,0.2898590595100424
W,0.20663980663802467,0.16737265438168197,0.0002921217781755743,0.29440771517655323,0.3312877020255645
W,0.11269449565020717,0.06444016387147085,0.0001315308460605972,0.14577145353594056,0.6769623560963208
R,0.22478321597542378,0.2370603430110976,0.0005786435599794136,0.2833722133582708,0.2542055840952284
W,0.10797055056510306,0.16577767167741003,0.0010331920056240956,0.282823902899495,0.4423946828523678
W,0.2504324032904072,0.07504725021712491,0.00012413743761999555,0.2973906221951622,0.3770055868596857
R,0.23487598691923445,0.10112437451028085,0.0005361503007937118,0.41145846838391636,0.25200501988577456
W,0.01274824901799639,0.028485875551004118,0.0044953466999966335,0.04685808690940857,0.9074124418215944
W,0.20219328335931216,0.283633426008091,0.0008414031796917554,0.0897042225616878,0.42362766489121734
N1,0.5300566553775061,0.20542438810812613,0.0015878838214525663,0.14455607344913537,0.11837499924377977
N1,0.419417759614913,0.13999460754699353,0.001133180559314294,0.2756658148051481,0.163788637473631
R,0.22263171702572832,0.1513847013422494,0.00032622352895587476,0.5719017660359789,0.05375559206708762
R,0.155772783056047,0.15175808472153535,0.0007325760694189431,0.654066048442891,0.03767050771010756
R,0.3159902906066205,0.12303913703266228,0.0006189405179212028,0.4041166504857926,0.1562349813570034
R,0.26730377382490594,0.1547144747339457,0.0008035506856589947,0.5189048048853964,0.058273395870092955
R,0.3069606733983497,0.21126115677134463,0.0016421409690859545,0.3954034137805215,0.08473261508069821
R,0.18812428959305882,0.37049670561894105,0.0035906390723434733,0.3811738021343844,0.05661456358127228
N2,0.2753963970280842,0.33814488566032413,0.0034865676194110124,0.2823244117124898,0.1006477379796908
R,0.3084789177278154,0.2748535594415743,0.004603184659661606,0.345017776695781,0.06704656147516776
R,0.18393491735527373,0.2650214409402359,0.0011220979426883933,0.5093954358195973,0.04052610794220472
R,0.2188753576656005,0.12819192805302065,0.0012558326924068503,0.5988726473033192,0.05280423428565276
R,0.23372927586930167,0.28858641977641514,0.00288841623340912,0.40764017076322995,0.06715571735764395
N2,0.2222100702314242,0.3626998116317864,0.002160947957986867,0.342692465431216,0.07023670474758674
R,0.0979320723412323,0.24947137606809697,0.0009701456440517809,0.5120288372973625,0.13959756864925651
R,0.20732048850449708,0.11860666582022575,0.0009262711856200524,0.6268704975138402,0.04627607697581684
R,0.039984132737096154,0.12982149814274058,0.00123707604929013,0.7715946334009846,0.05736265966988861
R,0.04785587295971442,0.2287064671411105,0.002057719313471807,0.6656774584047898,0.05570248218091358
R,0.029127880251272054,0.2648601890561546,0.0017507023545459447,0.6573552147628328,0.046906013575194715
R,0.03302767407987191,0.3919027829542117,0.0017758797916624272,0.5017677887012009,0.07152587447305299
R,0.0982582942466241,0.3405873998059969,0.0014575012421047834,0.5065186441461328,0.053178160559141534
R,0.04126395076576169,0.19054319584904378,0.0015015338048345072,0.6420757499157842,0.12461556966457589
N2,0.05266250051684177,0.43778717252313354,0.0030365392888927877,0.40859747301845284,0.09791631465267908
R,0.07563252990554103,0.4201449713011636,0.0016288908348459712,0.4641753176866002,0.038418290271849224
N2,0.07496892542816024,0.6846796506529725,0.011570976361509918,0.19620654800890105,0.032573899548456325
N2,0.06244542934971026,0.45236138623903227,0.005962574775137889,0.4420617958225266,0.03716881381359314
N2,0.03896144985786611,0.6337908880257936,0.009871871111611141,0.2903249013739275,0.027050889630801576
R,0.054693316610537515,0.3243543739856591,0.0057927499933201265,0.4109277268074704,0.20423183260301284
R,0.06985005591818075,0.4276219195028431,0.006658944081701828,0.4570412240234574,0.03882785647381697
N2,0.048063652897490344,0.6200675317249054,0.0282564966146516,0.12500359767964214,0.17860872108331052
N2,0.031180450211940228,0.797035549002192,0.02557716197055566,0.10692969435879245,0.03927714445651963
N2,0.1612350375565855,0.5820250416677478,0.008055839310358531,0.2027589822024832,0.045925099262824995
N2,0.08529408902402069,0.7539082260819775,0.010993233718270852,0.10278757087106423,0.04701688030466693
N2,0.1005909457136306,0.7676225915218563,0.013582008459767472,0.048747913116684076,0.06945654118806144
N2,0.08746641004014018,0.8131329848993585,0.015372169895658929,0.024888535674377335,0.05913989949046507
N2,0.11891216927961748,0.7450229733172304,0.009396951847055102,0.05486948808198885,0.07179841747410806
N2,0.1400483829360514,0.7389508165944799,0.01928369357482453,0.02546393068296085,0.07625317621168332
N2,0.15342901136250614,0.7574563232819085,0.020615430673424636,0.021563767378136308,0.04693546730402461
N2,0.035148238049674235,0.7136917458678393,0.023582769263623553,0.0545660152839764,0.1730112315348866
N2,0.03589179349035187,0.5945972104222575,0.041376516502759385,0.21931626894503764,0.10881821063959368
N2,0.04222969026969803,0.8405080606708233,0.025497576093883215,0.06483664972707685,0.02692802323851883
N2,0.06391728392926974,0.8508873139631912,0.005531183891453189,0.05791149776012423,0.021752720455961667
N2,0.06686177122563759,0.8461849902492413,0.009417211963611956,0.057579557160716076,0.019956469400792844
N2,0.014537037764517575,0.9597697845141319,0.003353462464826036,0.010744253536525248,0.011595461719999516
N2,0.021639366142027956,0.9224828692614981,0.003837861266757848,0.04036016730176628,0.011679736027949812
N2,0.006953472445936458,0.9603990009221404,0.002169811742674508,0.02251323199459916,0.007964482894649353
N2,0.11576009871701605,0.7537435041330235,0.0025322990244233423,0.09614318841481058,0.031820909710726486
N2,0.06270876626571921,0.8389348773699182,0.0034136123416424,0.08048680526819806,0.01445593875452196
N2,0.03829807249538163,0.9044877487389813,0.0014828234409933487,0.046027842854995595,0.009703512469648167
N2,0.01936338123576765,0.9530180266844773,0.0008120583110102218,0.02253356745144387,0.0042729663173008536
N2,0.014346265329649261,0.9581559608353372,0.0005841444633106988,0.022362697986541145,0.0045509313851616615
N2,0.020634039574967154,0.9500070112410162,0.0011524057889991312,0.023492318497954287,0.004714224897063395
N2,0.034152493625184806,0.8987454933694734,0.0023945080574309043,0.053652130827781586,0.011055374120129186
N2,0.04517133961368964,0.8884448559503948,0.0016170720149344805,0.04974161689167863,0.015025115529302488
N2,0.0246975521294663,0.9348488565828877,0.004465858149484888,0.028873148691650512,0.007114584446510593
N2,0.05431811441679339,0.8622290560220299,0.0010636734227238048,0.065554161798255,0.01683499434019806
N2,0.016536294141838288,0.9476080912217851,0.001815688384015838,0.028581046011426536,0.005458880240934427
N2,0.018332827810659737,0.9619051004599101,0.0015152121124709643,0.011757260857206494,0.006489598759752675
N2,0.057352174945895375,0.8168521930633255,0.0016326929965777297,0.11515799963577938,0.009004939358422183
N2,0.029611886451075344,0.9321587765698194,0.0012472848379948857,0.029114568881683556,0.007867483259426818
N2,0.030905492652466175,0.9256713015228601,0.0019499904127606715,0.03512869106764137,0.00634452434427162
N2,0.06588511507962769,0.8469729755993831,0.0013857814119327533,0.07557904570801585,0.010177082201040624
N2,0.01910090378133106,0.9596250605743145,0.0016961604094801693,0.015118877506570177,0.004458997728304103
N2,0.02917996296175631,0.9413299426782805,0.0013644979450557783,0.02250797849051056,0.005617617924396693
N2,0.028347077502641746,0.956407470746005,0.0029226841478229514,0.007927393453101457,0.004395374150428791
N2,0.011786292749154218,0.9757404864740624,0.006183392925258992,0.0024594575462861755,0.0038303703052382375
N2,0.0277429131738701,0.9596112071472885,0.0048246892736825645,0.0028762108390669914,0.004944979566091832
N2,0.009665899889655924,0.9797922611722191,0.005470312031073497,0.001510676625913531,0.0035608502811379406
N2,0.015305037205377929,0.9710268386850587,0.005590583386393016,0.0024979345610901147,0.005579606162080409
N2,0.026288083379051048,0.9576684118073973,0.006735643553066483,0.0037412024055992763,0.005566658854886008
N2,0.019367232321171404,0.9605049136875198,0.012065125213456786,0.002907584802067731,0.005155143975784326
N2,0.014861223771026808,0.94739403350245,0.029755180542884403,0.0012231788554374098,0.006766383328201514
N2,0.015894947350944464,0.9648207608060068,0.011027739147820605,0.002284166674808998,0.00597238602041949
N2,0.022245794164412684,0.9612096599448493,0.00789079500188414,0.0023167252676177205,0.006337025621236186
N2,0.03989692391470758,0.935331596602642,0.00927626849950901,0.006605493415684479,0.00888971756745685
N2,0.022699571552193012,0.947916622276663,0.01998595354048882,0.002191138371023377,0.007206714259631865
N2,0.025168980346332175,0.9600760664372598,0.007220088264972134,0.001819357884861998,0.005715507066573913
N2,0.022045895840937038,0.9431266653768489,0.022606748962208854,0.003117139212413061,0.009103550607592336
N2,0.014375801760626259,0.9428241132185771,0.034847852453840505,0.00042579379711152115,0.007526438769844817
N2,0.015032639298517456,0.8744902317738351,0.09913903464228706,0.000873848970390466,0.010464245314969846
N2,0.017324570772132845,0.9032294822027511,0.07154717418863214,0.0003426132802468177,0.007556159556237158
N2,0.03678280902783665,0.9136832871237645,0.03625824648020693,0.0010308500720867717,0.012244807296105048
N2,0.013271643428449893,0.915014181416278,0.06543526756176776,0.0002959638070024713,0.0059829437865016166
N2,0.02675858248636933,0.9111305894979319,0.049287200316567845,0.0007306100856456268,0.012093017613485423
N2,0.014683137152883772,0.8645378788833171,0.11011081904539675,0.0008426886597456909,0.009825476258656707
N2,0.007379992150860711,0.7393183924694902,0.24958153011823156,0.0006842012174889347,0.003035884043928804
N2,0.004534478863732441,0.7124727273520208,0.2789507550712152,0.0002937889083796023,0.00374824980465217
N2,0.0025631337596434167,0.5809699390818811,0.41195838076511915,0.00021358586852394872,0.004294960524832366
N2,0.027866557547647854,0.7495881099345656,0.21108906383429235,0.0008426986359459126,0.010613570047548326
N2,0.016331355326532022,0.7006861736711678,0.2726520303042019,0.0006173551075806435,0.009713085590517588
N2,0.025135077834075873,0.7488138982384129,0.21956535578700115,0.0005114924106830488,0.005974175729827016
N2,0.015474554040252834,0.6198934912222919,0.35514072968305826,0.0007764326783510557,0.008714792376045923
N2,0.005635423123106379,0.6721454674521204,0.31743018489665237,0.0001869979691940918,0.00460192655892668
N2,0.0076637039301072985,0.6738997701361572,0.31407376134264753,0.0004934133975997074,0.003869351193488132
N3,0.0017431406361381727,0.3732145382309255,0.6213002757975198,0.0009437630116975791,0.002798282323719039
N3,0.00227921221522284,0.4297687904588505,0.5616856378785154,0.0002617509528201323,0.00600460849459102
N2,0.007312709659341932,0.7445514646447369,0.2279081225458693,0.0023795353619483323,0.01784816778810347
N3,0.0013562527517959968,0.38662324845314056,0.5858852374309148,0.0014221022427672917,0.02471315912138136
N3,0.0012323928905419023,0.40377688314729004,0.5723760153355639,0.0008127098094848216,0.021801998817119302
N3,0.0012489065907085864,0.2560872088054514,0.6955521236296273,0.002196726272298848,0.04491503470191399
N2,0.0038398065336284325,0.5257613009282303,0.44542822640622026,0.0012937296823417569,0.023676936449579265
N3,0.0005725934540905182,0.1565573461472056,0.8318799900801845,0.0008800701981383247,0.0101100001203809
N3,0.00036251795357648527,0.2594772529863951,0.7275958555618155,0.000850025222256235,0.011714348275956707
N3,0.0004694109606269195,0.11873932744293603,0.8722387553604005,0.0002486165621501555,0.008303889673886228
N3,0.0005908149563520419,0.18898525066503116,0.7950806523707326,0.0014380258754291162,0.013905256132455104
N3,0.0004205735693774683,0.1530776586746192,0.7780965807041259,0.0006225701605580025,0.06778261689131942
N3,0.000313635532219165,0.06473813283708113,0.819435252471019,0.0005897642745053848,0.11492321488517535
N2,0.0012569462950804875,0.46754054729038835,0.2845133756682418,0.0007956867517722866,0.2458934439945171
N3,0.0013498513824686377,0.17425597326996492,0.6389253199404631,0.0020136202411015435,0.1834552351660017
N3,0.0014039058296254597,0.22369596643569542,0.6787992648650414,0.0017864666624062926,0.09431439620723135
N3,0.0012750312517285152,0.2499706490963626,0.6838256891657285,0.0015553829730520783,0.06337324751312813
N3,0.002478420677679912,0.13164234024502694,0.8028107003422952,0.0014146035758920547,0.06165393515910596
N3,0.004105438701193543,0.32689839490147865,0.645482515508717,0.0028107756405518314,0.020702875248058857
N3,0.0013688647429668092,0.16434264495129522,0.7663357790270565,0.002299853468664565,0.06565285781001691
N3,0.001696978541387782,0.3434088831223331,0.5935600658474341,0.0015170379002595186,0.059817034588585456
N3,0.0003973227640782176,0.03505955577392017,0.9154138376880243,0.0013673928960718663,0.04776189087790535
N3,0.0010406307643163583,0.2215726507042163,0.5898061122923265,0.0034503965030751775,0.18413020973606564
W,0.015098958754431667,0.07288585491968444,0.33895597024240104,0.0005075606603067164,0.5725516554231762
W,2.734961251097336e-61,2.9658993550119317e-07,2.3932095882500965e-07,2.6991435090738756e-07,0.9999991941747547
N2,0.11881464732754841,0.6122179287498312,0.06575948992654568,0.031602074882487584,0.17160585911358714
W,0.1110062598320649,0.10116147184279399,0.038804996974066204,0.03340809567618387,0.7156191756748911
N2,0.2919873293484554,0.5161221106653647,0.010503508992759465,0.044408562770406425,0.13697848822301412
N2,0.12787641813881173,0.7156913393612134,0.021095028590022852,0.03258265961052638,0.1027545542994256
N2,0.11311325845441565,0.7569226968857272,0.020216851764149196,0.01193728333392631,0.09780990956178152
N2,0.07617124298482274,0.8564337278123374,0.025119243558751145,0.010122577269235523,0.03215320837485325
W,0.008850413537442238,0.02221314158669868,0.008673005019030048,0.04808565802627923,0.9121777818305498
N2,0.1539802784830343,0.6574876337642295,0.016670057978083342,0.0791567195524496,0.09270531022220321
N2,0.07051208673149867,0.8816792030406503,0.0046038621175583105,0.006038936601946389,0.03716591150834624
N2,0.1025437290382452,0.8108140237805193,0.004097044155201384,0.039017185127661176,0.043528017898373086
N2,0.13461906945221094,0.8166055796293068,0.002301723336765246,0.018394740266873804,0.02807888731484309
N2,0.03341735138542757,0.9071446876882393,0.01650486372922193,0.022428000528587344,0.020505096668523674
N2,0.05153531998796959,0.8720648348397542,0.01294761733650505,0.032724248032317625,0.030727979803453643
N2,0.03278961947140214,0.9053601228800503,0.01883809032377198,0.00980899161786486,0.033203175706910754
N2,0.015690668949376013,0.8472005588818021,0.04044345423140722,0.05772694091741335,0.03893837702000117
N2,0.007198401845176122,0.919584441920229,0.03268273729430394,0.016567938498443496,0.023966480441847418
N2,0.028507253414579194,0.8268950149859109,0.0521384711933296,0.02357433231024898,0.06888492809593125
N2,0.020734168793674065,0.8596071026820904,0.02819939288987851,0.01826898217688006,0.07319035345747715
N2,0.050159829029640036,0.8734076089439923,0.016684262068571997,0.017316088971082375,0.04243221098671338
N2,0.04419588544693414,0.9070736923403949,0.020179882995523268,0.011753937759938384,0.01679660145720944
N2,0.05315838505642126,0.8814809031599058,0.03420052117477759,0.003006052497943786,0.02815413811095169
N2,0.021242833529484202,0.8958201277141183,0.05776110041618561,0.002040523875432148,0.023135414464779396
N2,0.04672111760910723,0.9157597915150996,0.015167783759012659,0.005101713686666296,0.01724959343011426
N2,0.04512673283214859,0.8926517231033377,0.01121877162255863,0.0032713852173319245,0.04773138722462293
N2,0.01974351625985187,0.9513974444791172,0.01729941132118987,0.003148828304474583,0.008410799635366503
N2,0.07430611752550383,0.884654838615127,0.009598495794506374,0.005783121281889177,0.025657426782973617
N2,0.05040503038964948,0.8866116774845838,0.012063550073205033,0.0056171589255107875,0.04530258312705118
N2,0.009783843179634773,0.8781057646830258,0.031050841323293738,0.0033584124934399693,0.07770113832060588
N2,0.14675606741645228,0.7932895513570241,0.008347897124329607,0.007074088640364541,0.04453239546182952
N2,0.012541945300794175,0.9429886121273501,0.029817917104804685,0.001244749389675421,0.01340677607737566
N2,0.07452760231790528,0.8778159226271796,0.011764487953221641,0.008227244164670907,0.027664742937022646
N2,0.11883719674281223,0.8248158921779403,0.006179801797873969,0.011065203320411596,0.03910190596096203
N2,0.05001393580267263,0.8915325352363447,0.01364998427108013,0.012104870610791855,0.03269867407911065
N2,0.03320912843823068,0.9293941035166939,0.011570582898897189,0.0030152347959907515,0.0228109503501872
N2,0.05330053204703118,0.9092734163351157,0.008710157218733453,0.003760321575003687,0.02495557282411605
N2,0.0231460493744077,0.9255691628063957,0.029795441066629205,0.0032261894513774822,0.018263157301189804
N2,0.04396472149468904,0.9118344614912677,0.0060239922282243575,0.004395168272365518,0.033781656513453454
N2,0.016899176739244962,0.916632086457665,0.03542286939735839,0.003797588995052528,0.027248278410679033
N2,0.07378056151310733,0.8552885931422357,0.014813155944148034,0.017451211838758213,0.03866647756175082
N2,0.08811082563597751,0.7423845062122476,0.011022183213159283,0.1064455341567893,0.05203695078182619
N2,0.040353160549961034,0.8886170905384665,0.015408268541327808,0.023303378138621062,0.03231810223162354
N2,0.11908942875074431,0.7632641382422715,0.00984030151796747,0.05392519035221888,0.05388094113679784
N2,0.08140593872874931,0.8348742352181666,0.010095861997659258,0.0524323008180809,0.0211916632373439
N2,0.06986608570854366,0.8026399807673393,0.027905101512421114,0.034873839574143375,0.06471499243755248
N2,0.15369323983972177,0.5122921992123606,0.004852784115411642,0.2646665267039727,0.06449525012853344
N2,0.055779204087852315,0.8203689102862737,0.009401859245642755,0.09563452479011501,0.0188155015901163
N2,0.06276115770791024,0.8350448152800718,0.022306615450105604,0.053344560966531535,0.026542850595380633
N2,0.07664583665821627,0.80865510190147,0.010411406946527832,0.03782272668992784,0.06646492780385795
N2,0.06789771200091274,0.8208788245436305,0.02237757658945711,0.04801400483927409,0.04083188202672555
N2,0.05216561723119912,0.8468675908704144,0.02160595178319036,0.05646133193071307,0.022899508184483115
N2,0.04802114989597492,0.8762661705356274,0.0166193325476158,0.0229139742883201,0.03617937273246198
N2,0.03586270096742919,0.8484677812145628,0.03881638997572872,0.023207107380907074,0.053646020461372186
N2,0.03365871549109345,0.8704591258308287,0.04384987273655984,0.01254369227791156,0.03948859366360618
N2,0.008523303321003239,0.9097646696179095,0.05208166951141153,0.0035201804393701712,0.026110177110305444
N2,0.024311801661483518,0.8860337349737981,0.030481984509970268,0.006518789722090418,0.05265368913265772
N2,0.07302760804218221,0.6599582687673012,0.018292144319132553,0.012253715989707589,0.23646826288167624
W,0.009223407159218835,0.024890373855096314,0.05468917550899745,0.02037844704100193,0.8908185964356855
W,0.21037227489342752,0.2397183107374297,0.02324645612158882,0.011745120199724544,0.5149178380478294
N1,0.4963472004907088,0.11922909664096339,0.008665341037234688,0.05282204877934509,0.3229363130517479
W,0.33277933566537077,0.2512507599737332,0.0010095264074777115,0.024209125796265468,0.39075125215715295
N2,0.07658448070726075,0.539668928372633,0.0015992567997077098,0.03791527403240552,0.344232060087993
N2,0.20526949940413058,0.41746480892517684,0.018829953779343617,0.12480596118887359,0.2336297767024753
W,0.17452470745060128,0.08951496655012793,0.0007052985889573596,0.14831052217637056,0.5869445052339429
W,0.03241561787509738,0.042646924208667045,0.00047552536529731244,0.0761578748380599,0.8483040577128784
W,0.007093731755412032,0.0473323619610122,4.553032824581078e-06,0.02269143020096552,0.9228779230497856
W,0.035446702018896686,0.03860592592530314,0.0015218386906383115,0.034152992022695915,0.890272541342466
W,0.12473979612001326,0.06556775161936992,0.000273206724709544,0.03449651263484935,0.7749227329010578
W,0.357161262916115,0.11174739619665759,0.000242242462553456,0.1141449270088219,0.41670417141585214
N1,0.5454904235088939,0.08458860316537915,0.0002692923620041935,0.13765042536897865,0.23200125559474424
N1,0.529485228229865,0.037176258247827235,0.0007113727192007424,0.13602231099922044,0.2966048298038866
W,0.06955657851895201,0.04298562762950817,0.00010117342787571996,0.11314897084603001,0.7742076495776341
W,0.3129412540926534,0.024909371345443323,0.00011696155875854596,0.23912733316007823,0.42290507984306647
W,0.2994330831838365,0.040443219556517175,0.00033589013706888113,0.3266615741481595,0.333126232974418
W,0.2865373818993047,0.039390556995890884,0.00010692456232932611,0.22295933888000216,0.45100579766247284
W,0.26673767851112307,0.2463092413633477,0.0003091692615518143,0.1654049890855117,0.32123892177846575
N1,0.40062323176305614,0.08314295371890876,0.0002808467791278341,0.2263154579402708,0.2896375097986366
N1,0.4357512666513327,0.1767285997489978,0.0019144613871817729,0.17735934516815535,0.20824632704433255
N1,0.41765194795626315,0.11779627836820894,0.004782184592764523,0.1931971371157398,0.2665724519670236
N1,0.33730595286320136,0.20167585966057863,0.0028247698635453194,0.18591491738923424,0.27227850022344047
W,0.05139446128732969,0.03945063749744523,0.0002259946648824518,0.10587268388898786,0.8030562226613547
N1,0.38078140902840313,0.20471978770439425,0.00047005324653284287,0.16525140899486754,0.24877734102580226
N2,0.2780960051796902,0.37444053942163436,0.00047399073982273094,0.12969178672565232,0.21729767793320032
W,0.09086239281392681,0.11648169103914831,0.0003921741883000472,0.11124835651879056,0.6810153854398343
W,0.25604883203935447,0.1591233574749008,0.00035391904367124236,0.13281224116791168,0.45166165027416166
W,0.008588985268552314,0.010315429710033651,0.0003447295227024238,0.17843066826366283,0.8023201872350487
W,0.07047250846648037,0.07930975176216104,0.01895352573795624,0.025628402639579204,0.8056358113938232
N1,0.44525999141304334,0.21767176947213823,0.0014365804463512667,0.038991927019303846,0.29663973164916335
W,0.2998255054707439,0.29640651452553496,0.0014632462625633826,0.03755539436996191,0.36474933937119586
N2,0.3193687416666262,0.33282864927674116,0.0041075259494416936,0.030657541490507253,0.31303754161668357
N1,0.4337097515067727,0.10514289363451429,0.00038672102434228706,0.15565138495903538,0.30510924887533547
W,0.2997872166637246,0.1748880400304006,0.0006184496925616303,0.20956707131211083,0.3151392223012023
N2,0.07654576737286194,0.6967309208587618,0.0003360637626294496,0.0650301474439307,0.16135710056181599
W,0.018502029556379817,0.021392375743873898,0.002993491790762177,0.020601104404497972,0.936510998504486
N1,0.34822514005515776,0.14567430012302598,0.0009026303474936265,0.16097065967766377,0.344227269796659
N1,0.5046036682017769,0.13787237345325243,0.0004242036290821051,0.18909057710857743,0.1680091776073111
N1,0.46897339643209024,0.23577196480387472,0.0009096144910310288,0.22052981651513773,0.07381520775786618
N1,0.5931064337338806,0.20047372261989588,0.0004684628964158598,0.12823710938845917,0.07771427136134837
N2,0.15218205477535507,0.6037588340611394,0.0015748840951654627,0.07111068350301411,0.171373543565326
N1,0.48395942821036597,0.1444534835579212,0.00028285040034705804,0.04839917256768651,0.32290506526367946
W,0.19295882766420044,0.143071683873617,0.0006396943323064568,0.09775344739742223,0.5655763467324538
N1,0.33280558356155493,0.16421846357026657,0.0006105923760028716,0.32493248105256795,0.1774328794396077
W,0.1213239781194552,0.2038081849111669,0.0023490596383152164,0.09928355941191305,0.5732352179191497
N1,0.3526628030151657,0.16450995075789002,0.0005136396853759888,0.18244863717584112,0.29986496936572726
W,0.12634570267685102,0.13836126443454239,7.979538426991141e-05,0.28000821709868534,0.45520502040565125
R,0.3308532510822762,0.06802878282341555,0.0001822600254670252,0.4575960647319982,0.14333964133684304
N2,0.14911050827616468,0.3525710053729521,0.0006724392986997168,0.3079539000100788,0.18969214704210477
R,0.2227548937850947,0.281016684103905,0.00038214124960664017,0.42067311889311115,0.07517316196828248
R,0.184557218577133,0.21856135477118313,0.0002569062912369001,0.5304672695999706,0.0661572507604764
R,0.0935372904061473,0.11489612054413917,0.0002140611539364022,0.6879904694355617,0.10336205846021528
N2,0.20530307917124435,0.38041295736083064,0.0002896047205843246,0.35077954068322453,0.06321481806411625
W,0.08434465285448679,0.3114690489068841,3.452229224440329e-55,0.17780446979614092,0.42638182844248823
N3,1.935311985741096e-06,1.5713215229782771e-06,0.9999909094052402,2.657050319228859e-06,2.9269109320810235e-06
R,0.20116313545016423,0.22082587005645268,0.00012925436251545784,0.3744313967510929,0.20345034337977475
R,0.270716699988787,0.08086286647489693,0.0003381562669000367,0.48141709190362153,0.16666518536579436
N2,0.09292606554736897,0.5594752040635629,0.0006818400102531748,0.1659715624640769,0.18094532791473808
W,0.015888133519257434,0.011001712869631036,0.004402440864833744,0.05183490426177719,0.9168728084845006
W,0.2752765029137616,0.27291065967290057,0.006445415236332239,0.04286027532293502,0.40250714685407046
W,0.2573632473512218,0.316833236767062,0.003017191703216236,0.07617788165635449,0.34660844252214545
W,0.02564407740995651,0.052840948247778206,0.05450128827533067,0.13647319068990996,0.7305404953770247
W,0.021609698831134717,0.08880313270858187,0.17583105757879192,0.008767360582544457,0.704988750298947
N3,0.015211873495141534,0.049591847525333854,0.4703616378367024,0.0005076654887558206,0.46432697565406655
N1,0.48204633194623997,0.30659826531596956,0.025148167899634203,0.019791776258873146,0.1664154585792831
N1,0.5673783832370534,0.3272863350983896,0.006979757475830128,0.022853004248911755,0.07550251993981516
N1,0.594191882199111,0.32003316122428044,0.005649955735313183,0.02814612133769636,0.05197887950359913
N1,0.49191269258522774,0.35460055605333224,0.001369704665648619,0.11596708970973126,0.03614995698606002
N2,0.2329043874328752,0.5878638233387727,0.004158843474107721,0.12413413885331258,0.05093880690093168
N2,0.18498442797999817,0.48504748418434546,0.004215058623145174,0.24905505061688266,0.07669797859562845
R,0.325226917982206,0.26844958391439205,0.001760327713670778,0.33947275473170185,0.06509041565802944
R,0.20115344173257377,0.218649270714721,0.0012282853412435067,0.530580479654361,0.048388522557100806
N1,0.3210191911578004,0.2841610705349576,0.0006779229535741668,0.29963660175967577,0.09450521359399215
N2,0.054649737618300664,0.501633542410518,0.000627284829445102,0.2289841533551791,0.2141052817865571
R,0.04433125696172634,0.13940443250995288,0.0008138063556454547,0.7447068261487128,0.07074367802396266
R,0.059302069125976686,0.26995451542404586,0.0011800759932355412,0.5867421905149821,0.08282114894175983
N2,0.05186831220960016,0.44016119325829384,0.0018479786762245639,0.43079165031640193,0.07533086553947937
R,0.032208919714723554,0.28168783594754404,0.0009420525794039082,0.6479640948777815,0.037197096880546995
R,0.021993165455513868,0.2046545657358309,0.0005592095641319582,0.7366218833333976,0.036171175911125626
R,0.030876948351366215,0.18293484175149055,0.0031173713401486274,0.7301513190211469,0.052919519535847684
R,0.031361501051521704,0.21086081037724963,0.0012143616663658728,0.6955439331642632,0.061019393740599615
R,0.13738372993509831,0.18998917294931578,0.0006689633691574381,0.621890652675032,0.050067481071396545
R,0.01693212924151417,0.43864939252139945,0.0010458655262625407,0.4718109363108334,0.07156167639999061
N2,0.05937400367643962,0.44066061886506025,0.0013356572776120237,0.39981808343815495,0.09881163674273308
R,0.17543553620434824,0.23703343591684237,0.0006734351660731195,0.49088981447483676,0.0959677782378995
R,0.160890121659268,0.3501363089535986,0.0010187068540218332,0.40604266812622286,0.0819121944068887
R,0.16116762575449928,0.2950187818273051,0.0005674067673644626,0.49164772661269196,0.05159845903813912
R,0.2316802854786917,0.33813270496000525,0.00045168878375341487,0.36509990719742685,0.06463541358012272
R,0.1912565095872193,0.08115836487835255,0.0002940518800307471,0.5553839143362608,0.1719071593181368
R,0.21584073504230572,0.1439483229952268,0.0005119762602952306,0.41298411197775386,0.22671485372441835
R,0.21467785256809815,0.12909325152984824,0.0016768523756913692,0.5719256289733441,0.08262641455301808
R,0.3103974962650046,0.11322255123910047,0.000938682439857678,0.47671115321976876,0.09873011683626845
R,0.18556193975580806,0.31745024011326123,0.0023968013178310202,0.31791789960987576,0.17667311920322376
R,0.2066765414537529,0.2044085037071658,0.0030210564659036297,0.46105671567988227,0.1248371826932954
W,0.07144650665144302,0.18914559598683975,0.007057524044973135,0.28862571719711405,0.4437246561196301
N2,0.10955259082462301,0.4963715857448011,0.005969593084479117,0.34865565094605855,0.03945057940003801
R,0.07161668373026085,0.3844464009489364,0.0035678165670140613,0.46560401623357456,0.07476508252021416
R,0.04445892030732317,0.25565105308518826,0.004227124419547285,0.6642973674608169,0.0313655347271244
N2,0.11952556332467301,0.6104408094922056,0.004493319833695118,0.2485104134054191,0.017029893944007217
N2,0.1252360530811778,0.5196103723545662,0.003939982478562728,0.3295064613267412,0.021707130758952156
N2,0.0778757561838582,0.5203959289489624,0.002431764465224173,0.3619544820841998,0.037342068317755384
R,0.1917784336665971,0.2974900007289417,0.0056019570125488164,0.48033531455015416,0.02479429404175802
R,0.08873889455635074,0.23100875436488016,0.006700086616713015,0.6419216459584434,0.03163061850361276
N2,0.19411489113901015,0.3924365003922618,0.004573397922085169,0.3833484316625156,0.025526778884127153
R,0.32600454149953867,0.13334777667253309,0.0009317890928569952,0.4256871383569948,0.11402875437807636
R,0.20902484589228704,0.2972637378437306,0.00803819061884083,0.41588785084888935,0.06978537479625217
N2,0.1733942697874645,0.47082829531375076,0.0038525334746518152,0.32312059392227005,0.028804307501862924
N2,0.10231421240855965,0.5860573319349414,0.003424459023343591,0.2826961330698138,0.02550786356334159
N2,0.05945094200978738,0.7131347341762598,0.002291223257785856,0.2102937188008157,0.014829381755351067
N2,0.05495971006649469,0.6009174211491862,0.00599393837562441,0.31822329572449426,0.01990563468420037
N2,0.007600443295995039,0.9236451354121349,0.0030410401526231898,0.059222428674472145,0.006490952464774806
N2,0.013224308233892293,0.8052793539310216,0.004080192321497342,0.16422123959816612,0.013194905915422835
N2,0.019761588722133485,0.8419710901098149,0.006675436313907735,0.11590440337224654,0.015687481481897265
N2,0.0682337781908019,0.805370882396368,0.0010307129362826664,0.11132365861270511,0.014040967863842308
N2,0.07344200014335292,0.6654033217798396,0.003398883522420153,0.20511621402933122,0.05263958052505616
N2,0.04526930563167727,0.7898588563943624,0.0015905648785465058,0.1523847209764305,0.010896552118983414
N2,0.1034239022656594,0.7854811929066201,0.0026460901316090824,0.08019497862824566,0.028253836067865693
N2,0.1475956774701017,0.413465700871288,0.023363541961071852,0.1390217177876163,0.2765533619099222
N2,0.04590476886389519,0.8649839507723132,0.0512141753489437,0.006990171069574016,0.030906933945274162
N2,0.04754102264370584,0.88802514798956,0.05031135161800465,0.001904328628529158,0.012218149120200517
N2,0.11578323000776769,0.8453828075057216,0.0036248855156378683,0.00662744747761247,0.028581629493260558
N2,0.038454315006022734,0.9430934155324806,0.01155218236795933,0.001930645382443005,0.00496944171109454
N2,0.052429260387989764,0.9327816241864816,0.0036862528015190236,0.0012661462537027397,0.009836716370307004
N2,0.03054922396254102,0.9520012441079534,0.0073007898967306336,0.0011720210980532932,0.008976720934721627
N2,0.10610203611940139,0.8640768943788009,0.010421395811297814,0.009554660918343035,0.009845012772156964
N2,0.03754114518650111,0.9461163974805599,0.006108239678824124,0.0014540776136312788,0.00878014004048381
N2,0.040298328917539816,0.9367261436913554,0.011443560901195995,0.0016329660797666863,0.009899000410141901
N2,0.05430616730256414,0.9205081121279322,0.004880007129534738,0.0031735538844985325,0.017132159555470556
N2,0.04864305397499716,0.9233003733112066,0.003990296068777828,0.013249355560128925,0.010816921084889538
