Stage,N1,N2,N3,R,W
W,0.006855073837511016,0.0010306562848366434,4.1253658647429084e-05,0.008152115609386033,0.9839209006096189
W,0.0022920677107173193,0.0009555781785294359,0.00010771833998045675,6.400508353674154e-05,0.9965806306872361
W,0.05514881425201226,0.04465708430251208,0.01387138939950336,0.004210912986526055,0.8821117990594463
W,3.962775084495256e-07,1.0199289486801204e-07,3.0969306692106164e-08,9.854161475811147e-06,0.9999896165988141
W,0.009696045267571354,0.033847251420445645,0.017872163028551116,0.0010212339763674624,0.9375633063070645
W,0.004612406913626577,0.020318751413740198,0.05247855661126978,0.0010377526356080008,0.9215525324257554
W,0.019093228119221508,0.015690956129881882,0.017988533506502292,0.05390195987842537,0.8933253223659688
W,0.08367799956439075,0.02672554802334185,0.05205034311983379,0.09244717466954719,0.7450989346228865
W,0.003682944292938401,0.0036629908417289926,0.03303024577139051,0.002978443249605139,0.9566453758443368
W,0.02159548122356767,0.011993821917432573,0.0013286161654949454,0.0003008115512954562,0.9647812691422094
W,0.027101695502985072,0.09796542365865606,0.007964542612300615,0.00046707053134094817,0.8665012676947174
W,0.0034891333447658645,0.03769464512403815,0.016387555174262502,0.001342907721441593,0.9410857586354918
W,0.02897446581694889,0.2515137554347905,0.03588643637211155,0.041400241282891305,0.6422251010932578
W,0.016539014371731435,0.21670607972682457,0.03578051268704492,0.006105552212804247,0.7248688410015949
W,0.015182391722067125,0.057404614079020665,0.008463310991484046,0.005126353116969432,0.9138233300904588
W,0.02151140775870854,0.07185274183651276,0.003184407410868965,0.0366848690177132,0.8667665739761966
W,0.019215902209933147,0.11425487961686777,0.0028844573131970195,0.09520522621797248,0.7684395346420295
W,0.05109694378870435,0.22446283673744805,0.008460526190485514,0.03765220272123374,0.6783274905621284
W,0.033286718333534596,0.11376196864003106,0.001840581733721321,0.045686096699884264,0.8054246345928288
W,0.027263080903052992,0.16383530676038352,0.001374080297503388,0.0387890408508781,0.768738491188182
W,0.06761705542061613,0.32505122044141926,0.003632127540193759,0.09641144195420843,0.5072881546435625
N1,0.2803513274088511,0.22083628500937919,0.004034247313446408,0.27035474591404024,0.22442339435428305
W,0.016767140203242416,0.2931767609537765,0.13057978302261833,0.0032121341529446784,0.5562641816674182
W,0.012494607035795573,0.14704082636853272,0.005466347792502628,0.0025453335278998734,0.8324528852752692
N2,0.03932619295961798,0.48338377934830123,0.06002940959852765,0.0024295589229356156,0.4148310591706174
W,0.009573461913134577,0.07457810504547463,0.006104217662534025,0.002145573811740208,0.9075986415671164
W,0.01860724396840953,0.10694963753791872,0.0035650194133394525,0.0029485441145051883,0.8679295549658272
W,0.03881221265396153,0.3898003697119969,0.006327344112649382,0.026312874377762,0.5387471991436302
W,0.05809730317920437,0.2919548465406901,0.006780505591827201,0.03872025282975344,0.6044470918585249
W,0.07676940253743861,0.2193017245489962,0.010478179597793676,0.05848744387114755,0.6349632494446239
W,0.051941139734634684,0.15288150264076109,0.01177496131973925,0.06393637692122958,0.7194660193836354
W,0.05478061898582762,0.30055323494697844,0.006135701287957494,0.07957777403212267,0.5589526707471137
N2,0.02970585047979435,0.8140344507672673,0.01617816396822293,0.01526710008929607,0.12481443469541934
N1,0.5401854976630822,0.24445458526314354,0.0017979872783190675,0.08540097093102578,0.1281609588644295
N2,0.13909270345552172,0.7768353264023252,0.016379075753438332,0.020442372880993598,0.04725052150772121
N2,0.41714801658344836,0.42981988143219824,0.01953062857238141,0.10181052606359353,0.031690947348378476
N2,0.28912735085368146,0.3859145754603754,0.010568270416346037,0.060325249290171176,0.254064553979426
N2,0.13932667711994562,0.7262715183624703,0.05691286559941248,0.06512290220607321,0.012366036712098299
N2,0.4352743067113603,0.5132242230195887,0.019128630058783812,0.026810918573969313,0.0055619216362978365
N2,0.10040806039917011,0.8072035200970009,0.057908645595157474,0.021639450379038392,0.01284032352963303
N2,0.22439490437868562,0.6974907631652564,0.0422961927431888,0.023642923261390975,0.012175216451478049
N2,0.149059462085801,0.8169335271960796,0.018305973332445113,0.008554130474390775,0.007146906911283501
N2,0.10693757854242338,0.7059016776125452,0.020451207342727554,0.013362436886290914,0.15334709961601292
N2,0.043728574847890174,0.7605003096998637,0.031839910336899806,0.0028212799943430704,0.16110992512100333
N2,0.1250295321564872,0.8033926141441878,0.04815122365289183,0.009723835876567884,0.013702794169865185
N2,0.07328880193270966,0.8597301271739833,0.05135107939637248,0.007136625698099206,0.008493365798835183
N2,0.1188142998731665,0.823353479037009,0.03634921536183227,0.004074668275542344,0.017408337452449883
N2,0.018211460361792116,0.9060097919425008,0.06588920415491024,0.001611243881770658,0.00827829965902622
N2,0.025440651439651546,0.9009411205274939,0.06554990696727354,0.001833523529582006,0.006234797535998857
N2,0.05694732867833127,0.7965283491568087,0.10715209561520507,0.009463851540414422,0.029908375009240307
N2,0.1821740961358271,0.7421165102538173,0.010120144524368836,0.006756121388636911,0.058833127697349615
N2,0.0722188709725693,0.8708839855710867,0.03375281998302305,0.00432678306158313,0.018817540411737516
N2,0.13315194126905638,0.7559362356499494,0.07426231502337781,0.006330255715592814,0.03031925234202375
N2,0.014967056775918539,0.7964147069831775,0.17193547274729495,0.002746302455231351,0.013936461038377602
N2,0.025708841580426977,0.9328468455513863,0.022850334780084858,0.002888158714136597,0.015705819373965393
N2,0.019093441633529922,0.880749728995765,0.07585795756020675,0.002008505195701374,0.022290366614797073
N2,0.025802027294078454,0.9075663706825366,0.03362254923468706,0.0041757330033788355,0.02883331978531932
N2,0.02152462642250703,0.769766560281193,0.17946377123679547,0.0043341497650753145,0.024910892294429304
N2,0.006694116915351258,0.7894825681922792,0.18659275259793612,0.001991029045070942,0.015239533249362638
N2,0.011654485289579143,0.5066434366455849,0.46119185152622344,0.0012264830378529682,0.019283743500759683
N2,0.0036844024632386387,0.5701212930803163,0.4095997423115302,0.0009039130666358125,0.015690649078278978
N3,0.0027472219597405954,0.29402347396064105,0.6901619410244243,0.0005734216972567395,0.012493941357937318
N2,0.0032032197638426347,0.5086297253936047,0.4511913865761507,0.001539475510942594,0.03543619275545929
N2,0.0057133592982086465,0.5807471651061191,0.39092183361893423,0.0035379438256200675,0.01907969815111775
N3,0.001958773868337907,0.2510723118252209,0.7345989325370412,0.001389887408145017,0.010980094361254914
N3,0.0015318643794724426,0.2899349994986855,0.6957395005812024,0.0008895388420281093,0.011904096698611583
N3,0.013204161625264905,0.30215654724896496,0.6518862399086373,0.004217265567065003,0.028535785650067848
N3,0.001494753228983406,0.17194139418591778,0.8214858679486876,0.0005500430093449225,0.00452794162706622
N3,0.001623923662301537,0.44575918419633204,0.5407812190778246,0.0011684862156595686,0.010667186847882242
N3,0.003447026761284273,0.3858006873229326,0.5955065717284824,0.0024736525815353748,0.012772061605765283
N3,0.0016577746620241025,0.2858087527744902,0.681092301164986,0.0018956767404751929,0.029545494658024456
N3,0.0023608265138173293,0.19272268132598513,0.7918147997255668,0.00096451749794754,0.012137174936683046
N2,0.07255519972559434,0.48304378721993674,0.12906554873657752,0.006231292685529153,0.30910417163236215
N2,0.0627062045939332,0.3353026294246226,0.20125253384306357,0.1385947248659364,0.26214390727244424
N2,0.08514486985115305,0.5849660482218138,0.16275392782392142,0.010058513146815332,0.1570766409562966
N2,0.10928863868215816,0.6313958099791017,0.1815059647197813,0.02299628670617968,0.05481329991277903
N2,0.10235705992199827,0.7204649341879532,0.10298855272629108,0.015002889115247416,0.05918656404850993
N2,0.0822632680262689,0.6965661190640379,0.13940869830305017,0.029111668759431865,0.05265024584721117
N2,0.02079453834424035,0.828452000844204,0.10305789692783032,0.02316596534542672,0.02452959853829855
N2,0.03668365217183523,0.7562705868846614,0.11986677737867257,0.05020438398906586,0.036974599575764946
N2,0.005979894715291078,0.5990875224959075,0.34159281316816853,0.028710258987140087,0.024629510633492963
N2,0.004844812529847717,0.497587127714619,0.4839313728779375,0.0040819580177773665,0.009554728859818479
N2,0.005470563314686788,0.5293860341288235,0.44495288218382195,0.0040600001395088075,0.016130520233158994
W,0.016137470276209626,0.19682035711737716,0.2567378226586908,0.2397570146669168,0.2905473352808056
N2,0.0393322302029987,0.8546939994477495,0.06348256250681199,0.009988589348552299,0.03250261849388737
N2,0.01725138175385331,0.7621996958891576,0.1375476509346097,0.009825987348495376,0.07317528407388414
N2,0.019049352579854358,0.7749079359664929,0.17860177006999736,0.004929739642131007,0.022511201741524347
N2,0.008320306309432377,0.6479464561402394,0.32409643318199544,0.003144951719616844,0.016491852648716124
N2,0.021886396102892367,0.808875559887817,0.13805167988726422,0.009078424673658159,0.02210793944836835
N2,0.007890660132865834,0.7273291813801352,0.236081435448658,0.010318867136139288,0.018379855902201706
N2,0.019888107189666184,0.7538872395664188,0.18611570622917298,0.008764948697577263,0.031343998317164876
N2,0.011634846378110976,0.6448658758138595,0.30270521944290774,0.017946271170841244,0.022847787194280735
N2,0.024884554465214162,0.724350214125131,0.19825926045878062,0.02215659022097588,0.03034938072989833
N2,0.011450672286714769,0.661719223377589,0.29554835452658357,0.012644575930424904,0.018637173878687754
N2,0.008519290084228508,0.6910326043146634,0.2733941391622746,0.007925657555158233,0.019128308883675275
N3,0.006574392939421015,0.48106127493967554,0.48153206040319446,0.004961010537561086,0.025871261180147754
N3,0.008505003888260221,0.3813724904940165,0.5819719366894052,0.005981439960781599,0.0221691289675365
N3,0.005619403470084745,0.3261753684495322,0.6453791890287626,0.003568908883120123,0.01925713016850029
N3,0.011225818654155695,0.4652804617066373,0.48821054239967787,0.006590707576547968,0.02869246966298099
N3,0.0047049383671025884,0.3367593842359556,0.6315497268658046,0.0030768372953047583,0.023909113235832495
W,0.0269302513031982,0.1441613789594927,0.26139731975810016,0.20474501348385585,0.362766036495353
N2,0.017699473190922008,0.4265209590559392,0.40889511483518287,0.035402591628256916,0.11148186128969897
N2,0.02421921806217279,0.6476164226136372,0.28447580669365763,0.01502957692548107,0.028658975705051316
N3,0.016611868685167643,0.4176175088086258,0.48688818706389864,0.026645122376608956,0.05223731306569894
N2,0.02230435008681445,0.6583531457068645,0.25657094047125467,0.028200011006565943,0.034571552728500286
N2,0.016424986470584962,0.7222614318234478,0.19126615117884735,0.025108893977995348,0.04493853654912447
W,0.006321043789847942,0.06779051181067164,0.07876104444469476,0.25452439681686184,0.5926030031379238
W,0.03638175525441284,0.09012594646203105,0.03342854850720116,0.2008457556845986,0.6392179940917563
N2,0.08165088836783294,0.6555066117757261,0.0629501852540713,0.04102208907929915,0.1588702255230706
N2,0.04688831104888236,0.7352373475169496,0.05934993319449422,0.014362341947870385,0.14416206629180336
N2,0.04300993277203845,0.6723417570030346,0.1807094839318497,0.014419958582779915,0.08951886771029742
N2,0.029964862569923912,0.8025467113044024,0.08922835523089248,0.059703821742111716,0.01855624915266957
N2,0.008960927077045561,0.7267486396454358,0.2214533611573876,0.0225534141334973,0.020283657986633723
N2,0.026148527286715368,0.7368867233357543,0.16430113611333416,0.02272028532646324,0.04994332793773301
N2,0.008197426538178466,0.7789482638482832,0.18715657550429712,0.005071405534014556,0.02062632857522663
N2,0.008842728708906879,0.7823383453189618,0.16583239092050822,0.00992415923478069,0.03306237581684237
N2,0.005357978510129477,0.5358270560125723,0.44553757782286424,0.0030305817039086016,0.01024680595052534
N3,0.0029378663841257034,0.409896705466104,0.5790993492682345,0.0011464090571465736,0.006919669824389257
N3,0.0033374700298249645,0.3893003967726663,0.5984204950651328,0.0013790371036939036,0.007562601028681964
N3,0.002577735390159563,0.32949209373509597,0.646550492641716,0.015191772804499314,0.006187905428529033
N3,0.0005256810038664504,0.15269007404773144,0.8431222640096624,0.0006056018394548228,0.0030563790992848665
N3,0.0009077246761942848,0.1444840272465946,0.8376073401189567,0.01179665618667875,0.005204251771575755
N3,0.0015049057637094216,0.213343425662294,0.7714755600326201,0.007329485876223945,0.006346622665152472
N3,0.0008342176069080468,0.07868164023100122,0.917551726985078,0.00040478517997766613,0.0025276299970351124
N3,0.00065986978500673,0.07843656588005349,0.9139815124803108,0.0038556083342039505,0.003066443520425101
N3,0.0003747669210609313,0.06335664750573373,0.932453149122835,0.0017254530218748696,0.0020899834284957082
N3,0.0020343796893922024,0.1252357046899544,0.8647870971861924,0.0005810819457808132,0.007361736488679968
N3,0.0016997088542292029,0.15018126259920056,0.8328349536205588,0.007877671084602175,0.007406403841409138
N3,0.0017988306129246708,0.10614636756784016,0.8761277037291656,0.009888892617704318,0.0060382054723653305
N3,0.0013605696746830627,0.12676038242924628,0.8672914550377002,0.0004821796476097326,0.004105413210760669
N3,0.0015594660306575696,0.13581247881874098,0.8535850292169813,0.0008394680566702813,0.00820355787694993
N3,0.0005881623492546151,0.0828149727184464,0.9077323798986758,0.004664821638525815,0.004199663395097431
N3,0.0010056581236081114,0.1435479038726157,0.8509029836914054,0.0005969180966105822,0.003946536215760238
N3,0.00028165977213678465,0.06392552990349762,0.9298583926359048,0.0037724655905930975,0.0021619520978676332
N3,0.0005661226352669016,0.0963517392907473,0.8897413397759943,0.008449286132537707,0.004891512165453704
N3,0.0003922479523651612,0.057467125172117994,0.937065666778651,0.0025992157987472235,0.0024757442981187686
N3,0.0004823620056027837,0.06499471255030025,0.9257840570903827,0.00446132293611639,0.004277545417597979
N3,0.0006313982280503826,0.07677514969910534,0.9044388203523097,0.007169900381297902,0.010984731339236822
N3,0.0016365033219087313,0.1599921322246675,0.8257955049853648,0.0014651569673500247,0.011110702500708898
N3,0.000971811769252356,0.1388829605071617,0.853791330381858,0.0008489107915499243,0.0055049865501781365
N3,0.0004891278594903632,0.10010253340930833,0.890420573708242,0.004500403790173573,0.004487361232785753
N3,0.0003535520253165821,0.08050535927380702,0.9164384118939964,0.0003243866679685203,0.0023782901389113455
N3,0.0008696094028453227,0.12412171777227508,0.8604087288152895,0.00792657618393299,0.0066733678256571715
N3,0.0020777897213258294,0.22180515791136904,0.7689775259247715,0.0012700803565156471,0.005869446086018013
N3,0.0006699443093940527,0.10642878287684909,0.8804172880149201,0.006128347937033438,0.006355636861803341
N3,0.0018767349253119724,0.2069766314416386,0.7590602858953032,0.01832050002619553,0.013765847711550774
N3,0.004249954706118015,0.3788568365559431,0.5940005270407797,0.0036233400094777004,0.019269341687681553
N3,0.0012443664567067417,0.15522439229196924,0.8369925470703538,0.0007720717750413703,0.005766622405928854
N3,0.0010809156886842685,0.1689397505185531,0.8259413968140463,0.00047076172426004006,0.0035671752544564387
N3,0.002529941898138172,0.32321603765648627,0.6656408478213988,0.0023352571325491477,0.006277915491427703
N3,0.0011900074545434342,0.16481445243252935,0.8131951041746189,0.014459363770756219,0.006341072167551918
N3,0.0011226926693396646,0.17470781044356057,0.7988509909264228,0.01789409279239011,0.007424413168286838
N3,0.0005989038822702453,0.13865840329580573,0.8547118968319763,0.001160247622490979,0.004870548367456675
N3,0.0016511200094919557,0.19157748751604262,0.774065329198663,0.014670075484443568,0.018035987791359034
N3,0.002022899458054411,0.33691410225901264,0.6422055346147865,0.0013100525775881094,0.017547411090558462
N3,0.0010808264900844487,0.1611759563461752,0.8243105517722602,0.007374964761818358,0.006057700629662019
N3,0.00406574975513328,0.4233059865668279,0.541064612254729,0.0022339697380874333,0.029329681685222445
N3,0.0034625745707395463,0.21442079264815453,0.7660558033307209,0.0063029354385965965,0.009757894011788419
N3,0.004373933972477454,0.2456738201098061,0.7232855525072555,0.012059312112503658,0.014607381297957316
N3,0.0052648533178491575,0.2093409093576854,0.7433741173865596,0.026203779652228004,0.015816340285678007
N2,0.00512194784510068,0.5120611001668373,0.4514791526725208,0.0036533118103773353,0.027684487505163835
N3,0.000889961595788492,0.09095364892863196,0.629951964988244,0.27140915892986084,0.006795265557474628
N3,0.0037261240630179003,0.40172010815459425,0.5761184255432169,0.006455355855991057,0.011979986383180012
N2,0.0036580483588868084,0.5182449847946564,0.4497571157902402,0.010911548198317886,0.017428302857898648
N2,0.01364224161967739,0.7040637244493104,0.22770099791254614,0.015249313452105201,0.03934372256636072
N2,0.07517468759991143,0.4967955624954761,0.2219294215699406,0.06107811098644188,0.14502221734822995
N2,0.07628526349824666,0.600958132429337,0.16300526407768784,0.013267657156434496,0.14648368283829388
N2,0.04328487687159031,0.6386965735560407,0.17746771324910776,0.01099433123888378,0.12955650508437733
N2,0.010709076233392118,0.7373240774194646,0.12591279281793327,0.004693935658342261,0.12136011787086783
N3,0.014044616786275929,0.4041254650495573,0.5218719808292875,0.001735753805843527,0.05822218352903567
N2,0.028747988229055024,0.5776084191981087,0.2946681861043023,0.013033629902598874,0.0859417765659352
N3,0.005923607020869725,0.3062347356422193,0.5757229958527393,0.08948562341586958,0.022633038068301973
N3,0.0026560030370097096,0.3523226281810402,0.628000687480089,0.0025032855309452236,0.014517395770915995
N3,0.003173489041224185,0.43290403290797574,0.5409641184800075,0.003135810899879455,0.019822548670913234
N3,0.005529945261250812,0.47934051016197676,0.5055821409018375,0.0017954654065247162,0.007751938268410089
N3,0.0032827026827402517,0.340015280105377,0.6389249757386601,0.004541938547589276,0.013235102925633471
N3,0.006700129390418314,0.4040180430471351,0.5624387035154345,0.010839403695214635,0.0160037203517975
N2,0.016947347937238604,0.642183889639131,0.31088193582585744,0.005212132123438995,0.024774694474334048
N2,0.009534063395829523,0.6723410889456011,0.2563371491224061,0.017406456111077846,0.04438124242508557
N2,0.010293318496225872,0.5359412928724334,0.4048362039639299,0.00338463005500633,0.04554455461240444
N2,0.021864156212217666,0.7858398632717241,0.12711921573364873,0.012602736675826199,0.052574028106583154
N2,0.026845122467810654,0.8136977849999601,0.11611128364214952,0.011843066586606535,0.03150274230347316
N2,0.010521812659041702,0.5559545792611497,0.34361433588771473,0.05596301064808811,0.033946261544005936
N2,0.007912457448285446,0.5161720830461857,0.3033726729211069,0.11249750155048792,0.060045285033934005
N3,0.005542537612193622,0.3886903671314975,0.570855791559997,0.01844200226344801,0.016469301432863858
N3,0.007647732593587328,0.410273061814003,0.5291470710345717,0.008222118152052111,0.04471001640578582
N3,0.0039010306377514846,0.35079605578233447,0.6087148787300432,0.0070715056960697084,0.029516529153801176
W,0.025719766487195272,0.40066817033386903,0.13344216279147508,0.0022043931981225837,0.4379655071893381
W,0.11580168479963565,0.416021488747454,0.03208629448317008,0.01852063442279581,0.41756989754694457
N2,0.0519098345710183,0.5020199402200047,0.2520647035936349,0.011027896928555237,0.1829776246867867
N2,0.08454788672942533,0.5432693497976191,0.0731890601781947,0.06707614017924013,0.23191756311552086
N2,0.06991935048544458,0.5858715613989178,0.19687792867374507,0.03980204971937129,0.10752910972252121
N2,0.1025608997492904,0.4850036124743281,0.09361789661034255,0.20325359981197694,0.11556399135406205
W,0.05530905882939663,0.0992842762751384,8.598971852327906e-05,0.14527663437359659,0.700044040803345
W,0.11037896524579391,0.07749321059556424,0.0018419961841148222,0.08748042883387312,0.7228053991406539
W,0.22146569096844174,0.18866757288449854,0.0018973236013017833,0.05496052621634937,0.5330088863294086
W,0.32777527232897335,0.22302565019311577,0.0012928876713493027,0.037358839724988546,0.41054735008157306
N2,0.17638939582606872,0.5284907725141159,0.0006984108025058238,0.05625632213356608,0.23816509872374347
N2,0.10693468394023348,0.5469803786888577,0.0022045477708824692,0.04368436198295216,0.30019602761707415
W,0.14723151313452795,0.3311213518847586,0.0008014106288797645,0.05748345746309793,0.4633622668887358
W,0.05554574378191967,0.08910009188461139,6.96930994331797e-10,0.02133721857434167,0.8340169450621963
W,0.038138119703363275,0.08871228084638892,0.0007481843783559281,0.10924719556259825,0.7631542195092936
W,0.1192727429947875,0.11725292251463264,0.0008277199661159992,0.04195522181957348,0.7206913927048905
W,0.43131476055538287,0.06676959603039725,0.000207581836327643,0.030622774235056386,0.47108528734283583
W,0.03829561662491358,0.01848997995468115,0.000409651977257767,0.02724431575942102,0.9155604356837265
W,0.05279723425218945,0.010165363955924763,0.00012645165436677417,0.011984040807126433,0.9249269093303927
W,0.02320165777856775,0.020910548654311686,0.0004590911204416888,0.024470675972533926,0.930958026474145
W,0.0775432265856506,0.24531560354880694,1.3145016453208245e-05,0.08247337167533021,0.5946546531737589
W,0.2861544818979977,0.08282978472966122,0.0013856373610743452,0.050491630587602164,0.5791384654236645
W,0.3493514945093771,0.08877915004548667,0.0005519632959698205,0.05180370768398059,0.5095136844651859
W,0.30809622676934356,0.13744384783726887,0.004308942328632942,0.058236286250900826,0.49191469681385375
W,0.3081285969548447,0.2453720073748632,0.001540347316339089,0.038319199788205555,0.4066398485657474
N1,0.37778069122664854,0.2336128999501631,0.0022643383420082146,0.048646813582250883,0.3376952568989293
N1,0.3969909418962768,0.2370526485247573,0.0011202244109262426,0.07218717921926338,0.2926490059487763
N2,0.16817529457015826,0.38932443383960946,0.0010595580107023612,0.06324187965513481,0.3781988339243952
N2,0.21315126253349492,0.37545640519421536,0.0006862517124655467,0.06597091189422787,0.34473516866559634
W,0.13465700754677667,0.09342108658274564,0.0001712986982107411,0.02674465698832375,0.7450059501839432
W,0.22867221404769725,0.10208293839293099,0.00031425767799752615,0.06139365415671901,0.6075369357246552
W,0.031000768766619925,0.05624603720435514,0.003992706248067866,0.03274854478969762,0.8760119429912594
N1,0.5999474441368541,0.03914150827996476,0.00013842620202013525,0.05414867535952493,0.3066239460216361
W,0.41628492035501735,0.041274438043394486,0.0006762541929861396,0.08339678003826588,0.4583676073703361
W,0.3474972700407511,0.056983919552607676,0.0001584333962552777,0.10159820514203968,0.49376217186834626
W,0.26361644111607246,0.282539898480708,0.00023264189310600857,0.0763940315730191,0.3772169869370944
W,0.29719752188147935,0.2023544515887596,0.0005170935418834652,0.13391610160386008,0.36601483138401747
W,0.11254850518955839,0.29216608076065925,0.0006511320816528379,0.042684089130825165,0.5519501928373044
N1,0.3255431194166236,0.1357365046677622,0.0018683325513499823,0.2889080639338021,0.24794397943046206
W,0.27762190157482947,0.20925166990046773,0.0011143095012824773,0.2102282417204208,0.30178387730299955
N1,0.3480894429036262,0.21624817505027322,0.0003686140983083684,0.12120255266740311,0.31409121528038914
W,0.00435715559991464,0.0014713012679566254,0.00019125285530209046,0.016748025851376712,0.9772322644254499
W,0.11855067441622177,0.011872863986981567,0.0003305350861825888,0.008470090297838472,0.8607758362127756
W,0.10944494202981572,0.03273217140527163,0.007295277528396448,0.009395935062189465,0.8411316739743268
W,0.08611878831941049,0.062137307835238555,0.010647311199947019,0.01482900729850441,0.8262675853468996
W,0.08545992030304977,0.22241772450421055,0.014819215450704755,0.03594166688609668,0.6413614728559383
W,0.12395648851070863,0.20321582011705042,0.054537893468516584,0.13106303202425929,0.48722676587946506
W,0.07610079327930333,0.09953571761618085,0.016467813591020383,0.10415579679019049,0.703739878723305
W,0.12642266514225678,0.09306530695488884,0.0034096999727330013,0.05419599514536589,0.7229063327847554
W,0.1963927429284198,0.17274095515796659,0.006040100856690686,0.19220214797617488,0.432624053080748
W,0.21465503491426063,0.07649063134444298,0.0004760019607297286,0.17954717946685095,0.5288311523137157
W,0.29763987638208783,0.07009463667462724,0.0003999613984145796,0.14869435593481728,0.48317116961005313
W,0.05819143122411724,0.029960452289305793,0.00025111427323727486,0.034446511450975055,0.8771504907623646
W,0.003806530421731699,0.0009490446846665424,0.00018773743680576042,0.012135438388014619,0.9829212490687814
W,0.1460635442928581,0.09481639025848423,0.0005696978842170673,0.027231358447234174,0.7313190091172064
W,0.18135031633532406,0.09890113321040266,0.0012940834747830047,0.048061575528298726,0.6703928914511916
W,0.15251907209793714,0.02150818766337018,0.0006327077787643275,0.07520096442698218,0.7501390680329462
W,0.1999409560968766,0.14683220629232177,0.0006906678844579343,0.2289295643371574,0.4236066053891863
W,0.2876640526018025,0.08197436994838127,0.0004230894638092161,0.27519055358699723,0.35474793439900976
W,0.014616425108973468,0.01294928141914816,6.726779588027301e-05,0.014421169737066088,0.957945855938932
W,0.159880685829652,0.0360757710265544,8.821796133827284e-06,0.06493697366598199,0.7390977476816779
W,0.0907191470123676,0.052230459551231165,6.967758456043255e-05,0.052575632059645105,0.8044050837921957
W,0.032008520731206136,0.008828206246147052,5.127593021200315e-10,0.01668690955308646,0.9424763629568009
W,0.12313846780162256,0.024989784157801002,3.7053654261627676e-08,0.026569778708097125,0.8253019322788251
W,0.06188597249028016,0.034075541794594155,0.0002577698339332663,0.036558019469431845,0.8672226964117606
N1,0.5161312801228529,0.021657631548709595,0.0003685795505239151,0.07282119598724678,0.3890213127906667
W,0.30614466191482803,0.07397168202650145,0.00019483261698806655,0.11321951420814087,0.5064693092335415
W,0.197446572428811,0.1878926650870004,0.00014652080994122626,0.14556989674999243,0.468944344924255
W,0.36065452276585824,0.10261032995108359,0.00014486385040989115,0.11287293064345791,0.42371735278919037
W,0.2541867396897982,0.25286649224249835,0.00024187308656481836,0.11285405830213202,0.3798508366790066
N1,0.39785913142190477,0.13631229182269067,0.0003311824179068223,0.29741284375424687,0.16808455058325078
N1,0.4130981042629717,0.09502630556796375,0.0002253671826218224,0.24767839081733317,0.2439718321691095
N1,0.38211281484671056,0.0919742934034267,0.00024336363521778987,0.297065349743252,0.22860417837139294
R,0.2907764563797669,0.11764301690174274,0.00021109684040941277,0.4604546139535404,0.13091481592454043
R,0.21190478037411198,0.22337457410756503,0.0002676557083846985,0.4366706029126484,0.12778238689729005
R,0.2319489808434785,0.24136237077899877,0.00025745627129397875,0.4739405224094136,0.05249066969681514
R,0.26695494350165605,0.12053799283139806,6.880520239456758e-05,0.3155319623418904,0.29690629612266106
N2,0.2117012577583433,0.3571230691723687,0.0002457543818373846,0.2599812506123218,0.17094866807512885
N1,0.3938206402199261,0.15159847780936897,0.00011057087432970372,0.32133718602777983,0.1331331250685955
N1,0.41543054633437465,0.10150158573909868,7.286410011984255e-05,0.24476485496374192,0.2382301488626648
N1,0.41467268882624725,0.16641956295620683,0.00013182752639777972,0.27576944997896274,0.14300647071218528
R,0.34303207939129465,0.1739412457546019,0.00020017010763372794,0.3767523518166895,0.10607415292978022
R,0.1751394292487586,0.12301267186905078,0.0001753204433038104,0.5169007995602758,0.18477177887861104
R,0.1743662706144319,0.24600038060132162,0.00027454569402499915,0.5112781602150529,0.06808064287516857
R,0.2498685249401371,0.1738440266345367,0.00013937878928299888,0.47158358612441775,0.10456448351162564
R,0.24380154323697806,0.22142430433796684,0.00015533297156896606,0.4590601596849339,0.07555865976855244
N2,0.12298445171697939,0.4975549158259851,0.0005628286754465403,0.31851357830738686,0.06038422547420216
N2,0.1198897275374545,0.5462956506535769,0.0015503078538479168,0.2924400016848908,0.03982431227023
N2,0.12124201130942718,0.6634838836679555,0.00016293036078879932,0.16450624607400305,0.050604928587825615
N2,0.06266873045779278,0.8845201187375168,0.0008594178002878003,0.024306137734294374,0.027645595270108275
N2,0.1565979194228487,0.7157692417359752,0.0007536366508415257,0.07727288283617709,0.04960631935415755
N2,0.18193801255506867,0.7431128261213529,0.0005750870875639445,0.038126286828812146,0.03624778740720236
N2,0.08464434123656593,0.8790793510073619,0.001002491422247709,0.013809643905566122,0.02146417242825841
N2,0.1697145513601223,0.6742772567323796,0.0003322292060464885,0.10748306719844666,0.04819289550300501
N2,0.19139413050340248,0.7380535771059518,0.0005392310426480227,0.04053260014978293,0.029480461198214767
N2,0.2962405265222911,0.6035201289093172,0.00037266091955019865,0.029444445035586637,0.07042223861325479
N2,0.1181571299420992,0.8350269377206723,0.0015599816129515723,0.01703517674319281,0.02822077398108433
N2,0.14668102928519347,0.7968875927620479,0.0006539941652625336,0.01858152466597157,0.037195859121524545
N2,0.21723391869863862,0.7018384057139954,0.0009442850152968142,0.023874089932851096,0.056109300639217964
N2,0.08457749341012076,0.8630701953671835,0.0005410908351682495,0.006775895349963306,0.04503532503756421
N2,0.21808612480341644,0.6963175033840034,0.0010770788326319998,0.015448629214595184,0.06907066376535272
N2,0.17219324494185165,0.7668050649748719,0.001371275608924052,0.01069826582341894,0.0489321486509335
N2,0.21940197953840812,0.7307501262304473,0.0011135583336481848,0.024259324866805685,0.024475011030690726
N2,0.19707032904335525,0.7389796355084653,0.0003123103734422635,0.03883085401956061,0.0248068710551766
N2,0.09643211950245235,0.8623359911680833,0.0006190373259035322,0.022620319086725342,0.017992532916835106
N2,0.2631922137316466,0.6713841165457468,0.0005685473921312104,0.025955807102407923,0.038899315228067444
N2,0.09022632557910347,0.8862267328388912,0.0011075019186710083,0.008373483734752604,0.014065955928581697
N2,0.07245300544383257,0.9055750459939327,0.0030968100815632594,0.007191123073508215,0.011684015407163361
N2,0.04340043794758594,0.9366805567494431,0.003105589541234658,0.00923472820936273,0.00757868755237347
N2,0.10505234810167795,0.8608085789724299,0.0009756394636052293,0.020963621420447758,0.012199812041839023
N2,0.12140391164703171,0.8430910159564068,0.0015568542156889735,0.006401291417069457,0.027546926763803273
N2,0.09622124749363943,0.8772030313038212,0.0028552886351934665,0.008810121704318469,0.014910310863027533
N2,0.11993970378100481,0.8462246956129996,0.0022491886242032065,0.016142905947084136,0.015443506034708189
N2,0.09477235593626859,0.887428554339718,0.003451318955320839,0.007420415808251866,0.006927354960440628
N2,0.1862524032299455,0.7754090265902086,0.004093579753032898,0.013408112549193133,0.020836877877619932
N2,0.09180813267104278,0.8830263666772692,0.005903779965363592,0.00702434206601713,0.012237378620307474
N2,0.07441428044253602,0.8866608701219522,0.012956959913194507,0.007073289753780284,0.01889459976853684
N2,0.018933480919867594,0.849335830599438,0.11542727402548254,0.0009877807273176262,0.015315633727894351
N2,0.01746784770147563,0.7512727029997054,0.14175633993450357,0.001534179517640852,0.08796892984667457
N2,0.15683073500486072,0.7725308534317117,0.019844917129516793,0.009967370622656105,0.04082612381125461
N2,0.05347592989980653,0.8868641475122402,0.02493082076058926,0.00347213693171825,0.031256964895645514
N2,0.08380189079046942,0.8535135729890534,0.018905153526938962,0.00517542506571803,0.03860395762782019
N2,0.06710731139874536,0.8886943110563935,0.011745653850178034,0.005164528520966463,0.02728819517371669
N2,0.10573166330026945,0.8256528094276697,0.021609542898587544,0.008648525144197752,0.03835745922927556
N2,0.09831502280453919,0.8410709521411213,0.019997821685465735,0.005066560966210562,0.035549642402663444
N2,0.03626930532462753,0.9030159751310147,0.04194922024577437,0.0017176236559122105,0.017047875642671146
N2,0.0869329372507546,0.873794142586576,0.014256698129505894,0.007896898675170605,0.017119323357993075
N2,0.09936778753459505,0.8630179610891018,0.006778958174128133,0.01664701102815617,0.014188282174018796
N2,0.08478690890471273,0.8654079608407539,0.021926164446270668,0.014072370880388079,0.013806594927874746
N2,0.04671731341708431,0.9142698945218316,0.02189961678961197,0.0033754851820893945,0.013737690089382517
N2,0.032889679413085994,0.9195228564799265,0.029700352362646745,0.002278152858427045,0.015608958885913606
N2,0.08481999468860502,0.8672833771041809,0.03156985386368175,0.0024470139407975276,0.013879760402734996
N2,0.027194719340076393,0.8509444776846975,0.10074961126140178,0.0006441361015624566,0.02046705561226187
N2,0.02969628706498977,0.8686678311552988,0.08496416798185007,0.0009294222207032169,0.015742291577158087
N2,0.010548921648090388,0.8175129146991559,0.1596680361819864,0.0005629130855964572,0.01170721438517091
N2,0.019717813742588908,0.9121688240099729,0.05976561083092853,0.0008482988464448495,0.007499452570064696
N2,0.009396989578442708,0.7839463399384472,0.20100908220032093,0.0008408871012678843,0.004806701181521227
N2,0.04688635943390111,0.8641719885838557,0.07660136730763084,0.0010509786697354088,0.011289306004877046
N2,0.020679774710438383,0.8995387014813286,0.07272054907411471,0.0006259739436404798,0.006435000790477837
N2,0.009257816963231984,0.6238673825149877,0.357531199954948,0.0005350057127445942,0.008808594854087796
N2,0.006639058536708914,0.5318038686611389,0.4480313017944627,0.001193667476185493,0.012332103531503859
N2,0.01946158333496913,0.6014731959373536,0.3668374791817587,0.0010790872505186436,0.01114865429539994
N2,0.011667893972146152,0.6810210221246323,0.2560576644184491,0.0015232913544303628,0.049730128130342124
N2,0.011787799777615376,0.6552571410086084,0.3007982677440265,0.002715457961192862,0.029441333508556693
N2,0.016546243866995925,0.7053836990652363,0.2539568063237795,0.0012755636327117053,0.022837687111276456
N2,0.007089536542463334,0.5685419241571111,0.3947020967661922,0.0022689104601793047,0.027397532074054026
N2,0.0125988996001791,0.7215935315047658,0.2310629889469985,0.0016904863214032763,0.03305409362665322
N3,0.0011157140012069144,0.3002780434753638,0.6807877749502289,0.0005839215786808199,0.01723454599451959
N2,0.010067830550314618,0.7932717639902807,0.161845943206068,0.001838505651516744,0.03297595660181988
N2,0.011026333620441121,0.6001798261361139,0.3577688270692751,0.0013869566620972828,0.02963805651207274
N2,0.0025170497835735168,0.5525269366398404,0.43070292830382084,0.0007683323238341543,0.013484752948931004
N3,0.0024377495736675886,0.38752326614179394,0.6012833678442947,0.0007800981304182707,0.007975518309825503
N2,0.003596047457409025,0.540750844900587,0.434478376869606,0.0012073241279064576,0.019967406644491682
N2,0.01400651118737962,0.7216190703378108,0.2514036457951216,0.0012568218580538445,0.011713950821634064
N2,0.005747301723065444,0.5191754643521825,0.43756997834560457,0.004393449107361289,0.03311380647178613
N2,0.045246572375470105,0.745828048909155,0.04358020826632231,0.047353996731073184,0.1179911737179794
W,0.02535716160430195,0.2669836148462668,0.21793911468494126,0.06333878069946523,0.4263813281650247
W,0.018657805555910508,0.15358981963305737,0.1963682984448397,0.13482597610274297,0.4965581002634495
N3,0.003343288119564457,0.12074358487011227,0.43013183073693045,0.01844329779969974,0.427337998473693
N3,0.0023389148354699576,0.09520461368746774,0.7405223898119883,0.01362709615819479,0.14830698550687918
N3,0.0007688075518773937,0.10604643306252456,0.8537876895836995,0.003491785535732821,0.035905284266165606
N3,0.0024755703630649903,0.16606757562917684,0.767309122786509,0.017032332718615067,0.04711539850263413
N3,0.0012342720084898581,0.11789109067838643,0.8142987145866459,0.009606492372840152,0.05696943035363753
N3,0.0005535675031979098,0.03422322796919566,0.9203794981231745,0.0126944307854943,0.03214927561893749
N3,0.00035954212776510857,0.035085643762602634,0.9400934814289648,0.0008853448712710049,0.02357598780939629
N3,0.0003409726894667384,0.01638978171059547,0.9769829297777443,0.000591119557460351,0.005695196264733177
N3,0.0003887268205357555,0.037561881072459564,0.9492435173668289,0.0009176699601536148,0.011888204780022085
N3,0.0005246452001125523,0.04703496001927337,0.9371241253491229,0.0013830962098985685,0.01393317322159258
N3,0.0003298728940760427,0.03936608697285372,0.9421800991813783,0.001050484547910833,0.01707345640378108
N3,0.0008220957248517075,0.055618673584701815,0.9221074661910964,0.01071566876077946,0.010736095738570517
N3,0.0011043999044885813,0.11100947820334198,0.854345337809557,0.0023089367353587467,0.031231847347253653
N3,0.0003571880072510986,0.01982796795805767,0.9714871153012286,0.0004420893785594427,0.007885639354903164
N3,0.00042943763617910935,0.025471049550629257,0.9643600293367782,0.000493832304169197,0.00924565117224411
N3,0.0012943732029548883,0.03898221541192471,0.9113028172836636,0.009625824514637811,0.03879476958681902
N3,0.0024974049455933427,0.12558117158429044,0.818602795700559,0.0020174702075358565,0.0513011575620212
N3,0.0005054303743736915,0.03261311526798396,0.9402634590152342,0.008531686615193183,0.01808630872721501
N3,0.0007351887889223892,0.0316311686918403,0.9432183304163019,0.0011458236070171386,0.023269488495918363
N3,0.0007255012505343363,0.01870660876480895,0.972633990721595,0.0006228945811290488,0.007311004681932797
N3,0.000882942885032243,0.033853316938599935,0.953122975589058,0.0005167786778003771,0.011623985909509228
N3,0.0007692566655431035,0.03150751022063582,0.9312960309815429,0.0006873724101171885,0.03573982972216088
N3,0.0005102644391324102,0.02270274587982728,0.9650267090787213,0.00048728601208937954,0.011272994590229462
N3,0.00040162160881829727,0.018122420567704467,0.9662401609125434,0.0004092249871991666,0.01482657192373459
N3,0.0006264311914342032,0.04605507188313956,0.9362474388240972,0.0002474637744075933,0.016823594326921248
N3,0.00022364567824560127,0.026433511004947827,0.9626188818971335,0.00031359860760072825,0.01041036281207225
N3,0.001977181608962771,0.026281794790375894,0.9553170212524963,0.0006717316282827912,0.0157522707198821
W,0.016075585687995046,0.032441187949118114,0.005777470048768669,0.024235286384748644,0.9214704699293697
W,0.06658451688939379,0.09046403532251591,0.019038043999703047,0.006382723617949426,0.8175306801704378
W,2.66891682102924e-63,9.253564046113255e-08,6.302472509842455e-08,3.48689206522022e-08,0.9999998095707138
W,1.8817250758518831e-07,0.021045261614770872,0.0017323130422222785,0.0016343585048290608,0.9755878786656702
W,2.95219245474188e-08,0.09939189748605903,0.0010974537836150944,0.0314534185200874,0.8680572006883138
W,0.07858328472969175,0.040941645652992256,0.00013730030002015553,0.021208456512887455,0.8591293128044084
W,0.18400976510523936,0.10439388593778919,0.00013230710629249392,0.1071659081933664,0.6042981336573126
W,0.19803654450111974,0.0994668872019893,0.0007985925995874556,0.15817303245891678,0.5435249432383866
W,0.0959085081562626,0.14923467174487315,0.0052019839300158095,0.3145653354053957,0.43508950076345276
N2,0.16035551015520189,0.5340743169195159,0.00419493736026783,0.10588062569202895,0.19549460987298536
N2,0.24859314994345225,0.38104152074448977,0.002061430037869253,0.29722962769871514,0.07107427157547364
N2,0.160813337850179,0.522370988828339,0.002911106679911677,0.2510618462833449,0.06284272035822536
N2,0.15206111815699364,0.5749575176638989,0.0015260435573033794,0.23764979495167327,0.03380552567013074
N2,0.08866561748690244,0.7984306852756771,0.001715110520543055,0.09053683532179996,0.020651751395077557
N2,0.11341333443390461,0.7549898496819065,0.0060440187636490025,0.08910423754027752,0.036448559580262226
N2,0.20743241880141292,0.6718264156961851,0.0016608205018416222,0.09158214216801115,0.027498202832549258
N2,0.23431661440988474,0.5980248164445916,0.0010890318966803878,0.1304804084272944,0.03608912882154885
N2,0.12039332615305764,0.7908096356395453,0.0010672721317630668,0.04935323647095293,0.03837652960468112
N2,0.15164537376984394,0.759144398852596,0.0012583378290268294,0.04930414442384464,0.03864774512468865
N2,0.16930574268838197,0.6820318676607244,0.0032809550265357674,0.07464434547577715,0.0707370891485808
N2,0.1903087483561285,0.7071728728505323,0.002912609419740103,0.03007001386769206,0.06953575550590707
N2,0.35382750382753125,0.506908535893701,0.0018087860122646118,0.056727962923634974,0.08072721134286813
N2,0.20025232914045774,0.6257266201066163,0.001713454906279208,0.11160104954040265,0.06070654630624407
N2,0.32337489703965605,0.4485832993337358,0.003682881944149848,0.15151823648252866,0.07284068519992963
N2,0.1792469933761984,0.6440610289797548,0.010979276463670688,0.08703710777652013,0.07867559340385583
N2,0.15869874278656085,0.5633527608635563,0.005817364692610102,0.08006940316912445,0.1920617284881482
N2,0.14133197816102283,0.7237808362305921,0.006723178076116638,0.029557756053951972,0.09860625147831653
N2,0.27200532550633777,0.5165551181605074,0.004475461379308029,0.06902051844995148,0.13794357650389535
N2,0.24162048051024332,0.6183949930594383,0.004477340179164182,0.06938326578798759,0.06612392046316669
N2,0.11230599210336553,0.5080900560311629,0.00817409798106119,0.2196886433353551,0.15174121054905537
N2,0.14863569543761013,0.643316011808771,0.004811722443260967,0.10732505667401533,0.09591151363634269
N2,0.1563161502109653,0.7387959081143918,0.0037568335174426185,0.048858746180966056,0.05227236197623418
N2,0.10364609827761016,0.8021635687444563,0.005223254828274006,0.02654156537548034,0.06242551277417912
N2,0.1629875851879229,0.6657070884810385,0.004764177692875434,0.07222513410572862,0.09431601453243453
N2,0.17067918414127659,0.7216725274386651,0.004600607113311686,0.046067713475138265,0.056979967831608525
N2,0.17081392623956568,0.6265404973044383,0.006260734258363971,0.03337221827519477,0.1630126239224374
N2,0.14598973787443015,0.6720835525835049,0.007512421426503299,0.04054244817859243,0.13387183993696913
N2,0.1539637030717417,0.7095107205807273,0.005569362726663198,0.048338469756175534,0.08261774386469249
N2,0.13167094726240614,0.7530614971885031,0.007914633408561685,0.04957260568321385,0.05778031645731521
N2,0.05886997516509851,0.8486503817674617,0.0264587440876507,0.02277161872288858,0.043249280256900474
N2,0.1303145903347829,0.7911050758852116,0.012402022966691397,0.022283648298697275,0.043894662514617
N2,0.10662296455759127,0.7625491606421206,0.02012938080131791,0.0188228070958035,0.0918756869031666
N2,0.10814235979207702,0.7783646847042013,0.021406595398731475,0.02555600125922648,0.06653035884576369
N2,0.12503867681608707,0.7741284853572747,0.009689271378796556,0.0497779646358837,0.04136560181195805
N2,0.057550278024149824,0.8885285232417928,0.017817295623103635,0.016283293454847265,0.019820609656106367
N2,0.17864898221529074,0.642035686868742,0.0056587469610885404,0.10975489758821494,0.06390168636666374
N2,0.149897928038913,0.6672396642426729,0.016688270330451623,0.11052201921068065,0.05565211817728182
N2,0.08677702960583007,0.8517488938464183,0.0037171497845757367,0.028923854940232703,0.02883307182294317
N2,0.18595374465654746,0.6444497606952967,0.003642426131967155,0.13426196100873578,0.031692107507452924
N2,0.16232781008602803,0.7053019006662207,0.0030369298199659197,0.1027185140672548,0.026614845360530475
N2,0.12092774021686956,0.7932483705760799,0.00614090285465965,0.04084569429285569,0.03883729205953518
N2,0.13017260407903591,0.7675453802812162,0.0034837712750685206,0.046574251664540274,0.05222399270013905
N2,0.11991498865602201,0.7788718784841768,0.0077795566717264895,0.042994161671095814,0.05043941451697893
N2,0.09936725901849737,0.8352907453169072,0.0021431197831227916,0.03982241904222707,0.02337645683924562
N2,0.014639891732652512,0.9419579599092776,0.018913830034858897,0.007756112122815262,0.016732206200395783
N2,0.016851826061525174,0.956541924095699,0.010464046278663779,0.0033381940922132688,0.012804009471898942
N2,0.014233274926098424,0.9491135730010775,0.011875983144419166,0.006845258090434932,0.01793191083796977
N2,0.13262741885127505,0.6935884773005015,0.0005598547102491431,0.0947055163634602,0.07851873277451407
N2,0.07868372533980687,0.8457258129142178,0.0004887822384567035,0.039230228126297395,0.035871451381221255
N2,0.043228688609857686,0.8012998720404025,0.002308572193642915,0.040674967561896126,0.11248789959420072
N2,0.07005544941376896,0.5568181016688433,0.003128179618192525,0.06724878778953311,0.3027494815096621
W,0.19646337764197286,0.2187784958167025,0.00016422586476339817,0.08686181491944084,0.49773208575712025
N2,0.055152438473997464,0.4614109256300871,0.0013993967808512457,0.10174766072945626,0.38028957838560784
W,0.14051570700172844,0.34075974372033135,0.0007904706515407845,0.08806371002911229,0.42987036859728717
W,0.038203670148978804,0.07601657212266329,0.0024408825472938176,0.01651337614555507,0.866825499035509
W,0.39214399293555746,0.1277980765544043,0.0009665861025415331,0.08007655837343833,0.39901478603405827
N1,0.6331650006712424,0.09651331922011941,0.000395207006950361,0.06381418871295091,0.20611228438873683
N1,0.6071068968321766,0.2162172163970612,0.0017681766720650841,0.08617479322398139,0.0887329168747158
N1,0.6420510565225168,0.18089533655791357,0.00027846686838858565,0.069341871546062,0.10743326850511903
N1,0.6306837624187263,0.26349624104502306,0.0005349504899572199,0.06657500128764939,0.03871004475864409
N2,0.14276894617094585,0.5625568896172181,0.0008280525364994973,0.09767785323832644,0.1961682584370101
N1,0.46703945098082217,0.19457645066756266,0.00047487546650202514,0.2000784630827841,0.1378307598023289
N1,0.3938838403287462,0.21190736577282884,6.31824702893519e-05,0.19968110089088037,0.1944645105372552
N1,0.4509346615477802,0.26758964862339507,0.000516093804393784,0.22042159561335878,0.060538000411072046
N2,0.3468944127041549,0.3688156203728851,0.001151135744831612,0.16124659138341302,0.12189223979471524
N1,0.40064576102122185,0.35663590647687443,0.0005146402077466611,0.13121745031485055,0.11098624197930662
N2,0.23961130636286654,0.4545255360848922,0.0004147543266554244,0.10450860139499207,0.20093980183059384
N2,0.12546841264110772,0.7394099290704714,0.0004218167393957474,0.03640772895533937,0.09829211259368573
N2,0.2729715357729762,0.39004244829746615,0.0005647140183858302,0.13986543801845927,0.19655586389271257
N2,0.20102040478418443,0.6477498011681304,0.0006008320982272692,0.06166259768455682,0.08896636426490118
N2,0.04826672935644065,0.8358697473031969,0.0008151757776297073,0.017341476025941598,0.0977068715367912
N2,0.303777343195447,0.5969911600821266,0.0009201200531699223,0.02860950144476915,0.06970187522448737
N2,0.3649733937441494,0.4453348991890704,0.0006144819039948921,0.04925661727224545,0.13982060789053996
N2,0.4028058140906567,0.41922975794704603,0.000650693166182288,0.058346121551814165,0.11896761324430061
N2,0.16033848785679167,0.5455725586766621,0.00027021481261637763,0.03475526482948299,0.2590634738244468
W,0.3446762224406832,0.08644639324552972,0.0001538867224086118,0.05037543451301294,0.5183480630783657
W,0.34875482830287674,0.18170775459321442,0.00033958679784543497,0.056517260195868536,0.4126805701101948
N1,0.4252942501956159,0.2915184039105152,0.00044045124668198806,0.09118748937023219,0.19155940527695478
W,0.00260176130942722,0.004481089243561136,0.0007779367456174451,0.032210937956533084,0.9599282747448611
N1,0.45145132395912435,0.08517222316221212,0.00022148963591690757,0.013908125700680014,0.4492468375420665
W,0.3672750225387185,0.03784111239196706,4.047752058976499e-05,0.011066541615553704,0.583776845933171
N1,0.45606871309072083,0.25768444954445413,0.0005934320742026617,0.02294221627305092,0.2627111890175714
N1,0.51452322915342,0.29707697980367825,0.00028099347225442616,0.05753737666944027,0.13058142090120717
N1,0.4406485610756334,0.4005737629997305,0.0004531581167758725,0.0432898432260538,0.11503467458180638
N2,0.2994457505071108,0.5922340344263768,0.0008232926957904211,0.06433728272970579,0.04315963964101623
W,0.03993513937818168,0.04945491866531547,0.0006587810286464337,0.04497242098407886,0.8649787399437775
W,0.23835744856000546,0.28634393992333357,0.0006336517016478735,0.1019910571478804,0.3726739026671328
W,0.2782374404013912,0.3222744633969735,0.0005768852353932749,0.07352675559229284,0.3253844553739492
N1,0.5900163126013223,0.10716509633072625,0.00016113651283943887,0.057489070898744485,0.24516838365636753
N1,0.6347298214839905,0.10294067089120508,6.724073817673977e-05,0.1485206807423281,0.11374158614429948
N1,0.6093979667291529,0.17119774053507955,0.00027802274446756415,0.12636179397800879,0.09276447601329124
N1,0.47296202863903636,0.1894107756063861,0.00018563315126008406,0.22503420422333884,0.11240735837997864
N2,0.277873849502869,0.4529581192132594,0.0006960934298696227,0.1930764062165723,0.07539553163742971
N2,0.14233094038742108,0.5700615273933358,0.010430324448833336,0.21901693814935597,0.05816026962105388
N2,0.21988120880782047,0.3636581325737938,0.002735142051803659,0.05351446337691447,0.3602110531896676
N1,0.4037619209911373,0.24240162377008906,5.266079784381136e-05,0.05029566641500844,0.3034881280259213
N1,0.45206756125652875,0.16329509722111438,0.000223445650264831,0.2531770198707016,0.13123687600139042
N1,0.5024355750611664,0.10939066687292423,0.00028682790291757233,0.2609886992003561,0.12689823096263558
N1,0.5021788889271046,0.1692121095024327,0.0006135859471419407,0.2063019530889966,0.12169346253432424
N2,0.27136263219003076,0.6056960400105894,0.0007226841237160213,0.07119277087865597,0.05102587279700784
W,0.0004766210156375328,0.0007602301954368285,3.300788175694556e-05,0.0018996713025614244,0.9968304696046072
N1,0.5310966893244198,0.07712043166178201,0.00028507113101512184,0.013164226457656731,0.37833358142512635
N1,0.41191667273127835,0.16227877714876465,0.00035580438443668717,0.018319467043610614,0.4071292786919097
N2,0.28383448071540285,0.5203001369703859,0.0011850071787218748,0.01705097626711169,0.17762939886837764
N2,0.39942713597050783,0.4123103497654381,0.0015632179646805956,0.09427396995812339,0.09242532634125018
N2,0.25162147018388065,0.645252072276991,0.0009297497491295832,0.06585323139151157,0.036343476398487284
N2,0.37236673045447466,0.3915175317057274,0.0012954204355089375,0.15011541724348004,0.08470490016080903
N2,0.15730843217507773,0.6919641178322115,0.002209653964482438,0.06998409297594825,0.07853370305228002
N2,0.10722463177180065,0.6368761464426295,0.0006186240386421963,0.22001537398130128,0.035265223765626394
N2,0.10513527825116735,0.6364091735121323,0.0016080617871118248,0.21255411501058596,0.04429337143900249
N2,0.11610077540580024,0.6263493835091241,0.001277567973684148,0.18101534869252428,0.07525692441886728
N2,0.1322293829483633,0.5135040700411989,0.001047048290616726,0.24079744642476267,0.11242205229505842
N2,0.22916983111778605,0.48017100071667707,0.0009167862047616216,0.18529555797470867,0.10444682398606668
N2,0.14123576331396503,0.7089456850705919,0.0007408538278268697,0.09842833006104307,0.05064936772657302
N2,0.05548430421546803,0.8763541490507989,0.00027597670575855494,0.04832142021609513,0.01956414981187936
N2,0.13660832203595225,0.6871319282971204,0.0004276413199328224,0.11776139534510545,0.05807071300188927
N2,0.053922786752349613,0.8751870983716468,0.0005401681189141929,0.042679601948068885,0.027670344809020437
N2,0.1502412720085581,0.6253136903368232,0.0002775101253480392,0.13850248749217353,0.08566504003709709
N2,0.10984068494286936,0.7453867609221789,0.0005532327027959653,0.1034742190086953,0.04074510242346066
N2,0.08687060549868304,0.5753659377934387,0.0004934612646256988,0.2921348715175836,0.04513512392566894
N2,0.14243603193419796,0.4789489048606564,0.0005338715831538454,0.3170851601968707,0.06099603142512111
N2,0.22432150530113895,0.33433424986460203,0.0004195191241094178,0.332907877674821,0.10801684803532847
N2,0.21306571116550604,0.5583969699973774,0.0003868414892806283,0.16629247318280183,0.06185800416503415
N2,0.1822848452042038,0.7491797207320077,0.0005113893030246108,0.04259867861184937,0.025425366148914618
N2,0.14936122389994147,0.7887479084574671,0.0012112422530873655,0.02681215410664661,0.0338674712828574
N2,0.04562445141658701,0.9296967074141456,0.0005447732367660912,0.007661618519468495,0.016472449413032858
N2,0.2067687955126617,0.6744747954426746,0.000708884766781942,0.051974010481772866,0.06607351379610892
N2,0.06811814013731196,0.9079778486582295,0.0004095744354251216,0.007947170382146679,0.015547266386886664
N2,0.08742207669358652,0.8794887948298805,0.0005077017364428022,0.01283202802152355,0.019749398718566506
N2,0.12409729558109305,0.8336546052697591,0.000578544373788078,0.010943882449922504,0.0307256723254376
W,0.03485746513112702,0.2777162483219898,0.0015137132659096152,0.0009500648566683292,0.6849625084243053
N2,0.11553358859655001,0.7943246907679521,0.001580708804716156,0.00320475723050284,0.08535625460027894
N2,0.05182092360825784,0.92332431561105,0.0021404197533693,0.0003234426602730515,0.02239089836704977
N2,0.11682535075734211,0.86592887748743,0.001646806763019527,0.0016236823856355862,0.013975282606572919
N2,0.05305931438021287,0.9051715351365152,0.003199442567161023,0.002283139661224362,0.036286568254886485
N2,0.11967195194286176,0.8217823254183596,0.0024237097152132524,0.0037602923953877544,0.052361720528177565
N2,0.05142698070337559,0.9232927867150883,0.0027443245625103354,0.008146692914188694,0.014389215104836841
N2,0.1551621639516343,0.7863070750269499,0.006294176629330314,0.01762859015721128,0.03460799423487406
N2,0.1365161371095455,0.7757116362503851,0.0040615896847602615,0.038528750759428326,0.04518188619588085
N2,0.1649542495888045,0.6937392692466101,0.006008518391480571,0.07711356548940955,0.058184397283695365
N2,0.04330929731269747,0.8461668519323934,0.0015192290235826861,0.036347576850787586,0.07265704488053885
N2,0.24828553884101762,0.5405098551412499,0.002451397463029616,0.05641368407379689,0.15233952448090587
N2,0.08255701441597219,0.7737890184693641,0.00448516471443786,0.09095842637899443,0.04821037602123151
N2,0.14608770345947286,0.6936877787197083,0.0012670635413984783,0.10579534381636006,0.053162110463060325
N2,0.06873591014854342,0.8649462309088003,0.0012579943895993557,0.030433042632087227,0.034626821920969594
N2,0.035101432326889954,0.9366768643522553,0.0016288367912965411,0.007946004430704022,0.018646862098854206
N2,0.03851161610877879,0.9052361011921881,0.006997483713860897,0.007428470269261491,0.04182632871591081
N2,0.0909060204900732,0.880685086992772,0.0021038605982453265,0.011337123292706216,0.014967908626203218
N2,0.19146324139051957,0.7646186326635126,0.003259818756699811,0.005327097339790575,0.035331209849477456
N2,0.16115485846521654,0.8044512588950713,0.0030981263995380434,0.01008397713033685,0.021211779109837334
N2,0.1248819380693665,0.823106794210647,0.0008599944029352336,0.0360419786545467,0.015109294662504652
N2,0.10339801176612896,0.8516072162556096,0.005608284808562287,0.02630856571861437,0.01307792145108469
N2,0.15984840694453717,0.6794219866550973,0.0024599059763602466,0.12968987880240482,0.028579821621600308
N2,0.06285563302244031,0.5931623417983649,0.004700361598958622,0.318505649429189,0.020776014151047205
N2,0.07170778454300106,0.7855347442618587,0.003971472889426658,0.11705127709947939,0.02173472120623415
N2,0.08504275711974653,0.8831635055965262,0.008852382822140542,0.005846122485398764,0.017095231976188053
N2,0.02500775284095942,0.9308774495723608,0.025608883187877882,0.0022401277910937263,0.01626578660770799
N2,0.0838951015440705,0.8803547272049841,0.012031389792992567,0.002633454322443798,0.021085327135508865
N2,0.0646206464260717,0.8964135030261886,0.01161763940695378,0.0040660408891870425,0.02328217025159894
N2,0.015832407479738374,0.9127884595013583,0.06396214452044802,0.0014133537560672774,0.006003634742388051
N2,0.034344880345300484,0.9405338204878253,0.017394701783247896,0.0005785105930867693,0.007148086790539477
N2,0.02679201711883684,0.9175146034637844,0.04576462976330082,0.0009345824990025364,0.008994167155075306
N2,0.05713366619916378,0.9112818458904758,0.016646486583084857,0.0029410248823841887,0.01199697644489148
N2,0.009929812886999496,0.9485426482007676,0.03291595955059563,0.0015639702804764607,0.007047609081160639
N2,0.008493181443524336,0.7421634993153048,0.056806096891459344,0.002813545723325926,0.18972367662638562
N2,0.015502529416632844,0.7862695452417214,0.18566585719182857,0.0028933680060452063,0.009668700143772182
N2,0.024615879351275037,0.8730948752041835,0.0749319407064943,0.01627297329000658,0.011084331448040592
N2,0.008734971848268887,0.7761828268564801,0.2087518840777978,0.0018177361987476144,0.0045125810187054945
N2,0.007941617491286777,0.8145327436049415,0.17233118512996318,0.0005917973512498065,0.004602656422558556
N2,0.01476978944808775,0.7887372298211286,0.18596678640512707,0.0012627618641954123,0.009263432461461196
N2,0.01981446195920239,0.8664964971465215,0.10419970436844275,0.0019949996372297385,0.007494336888603681
N2,0.01089617002597944,0.7777999877606177,0.09064950456734877,0.0017511368424790832,0.11890320080357497
N2,0.005181984346569909,0.7223220844182757,0.21492673021824818,0.0019158570844960195,0.055653343932410275
N2,0.010708065244948396,0.5820316020442359,0.32481765623647996,0.0030511422331039035,0.0793915342412318
N2,0.03437625897085065,0.6891252490082955,0.20099155985856934,0.0027061259598246614,0.07280080620245982
N2,0.010888850743528123,0.6964185564548834,0.2736594674892812,0.0008030563940111602,0.01823006891829626
N2,0.015251876002336278,0.7419622521043636,0.2375925570849827,0.0011510252404704176,0.004042289567846952
N3,0.004191776518972397,0.41925232704023224,0.5669844480603903,0.00047214926835551787,0.009099299112049528
N3,0.001704732493233805,0.4711131312691489,0.5213355106903703,0.0006580964244566233,0.005188529122790227
N3,0.0022731415904064124,0.3550306990439409,0.6384434844825578,0.001055433853614118,0.003197241029480684
N3,0.010464645031396875,0.3903444542912771,0.5889582918708363,0.002227799956795484,0.008004808849694232
N3,0.00271214513027671,0.3719831226711661,0.597582094778285,0.0005435850223096337,0.02717905239796263
N3,0.005518459739919637,0.40161077785360033,0.5533829178500338,0.0005269948387247346,0.03896084971772154
N3,0.00265178674900256,0.3333247654831825,0.642346920285435,0.0009079557346576263,0.020768571747722394
N3,0.0009461205026026026,0.22464429838433345,0.7542184279536327,0.00040785476192178145,0.019783298397509422
N2,0.005370783452689336,0.5950941301579418,0.3693896128243604,0.0005607326757583643,0.02958474088925022
N3,0.0005049283011195302,0.15485061423082955,0.8258381741779425,0.0004457354726402051,0.01836054781746835
N3,0.0009216119883766206,0.32717690585526743,0.6517502607680986,0.0004329851785976834,0.01971823620965959
N3,0.0010334756404908592,0.20122820715945697,0.7878053789310598,0.0005056122029742195,0.009427326066017979
N3,0.0008814864011382314,0.11489947949149885,0.8771259170026664,0.00035326236674133535,0.006739854737955294
N3,0.0009383070019713526,0.07198377686066781,0.915117101641136,0.0004513608994872227,0.011509453596737511
N3,0.0010676743773777896,0.19315807238776786,0.788722445066263,0.00048787044073191494,0.01656393772785943
N3,0.0006785237292911803,0.25603142305774046,0.7333170045069668,0.00031451321422735573,0.009658535491774194
N3,0.00032876187169554615,0.059519835051118776,0.936936690374483,9.300378068571168e-05,0.003121708922016933
N3,0.0007131896586307592,0.18374127248137112,0.806421979154259,0.00023464688323391998,0.008888911822505327
N3,0.002351288040178563,0.13960162819688532,0.8304628547068221,0.0054692438442057985,0.022114985211908182
N3,0.001922596511745821,0.24978651617711964,0.7231348329621075,0.00045838973366872264,0.024697664615358512
N3,0.0005945478676686032,0.08318634330790584,0.8980384152600385,0.00018301248082887636,0.01799768108355817
N3,0.0024352219538124388,0.13746533441734135,0.8305834251854255,0.009501434891183292,0.02001458355223753
N3,0.002970860244633785,0.23540705106155219,0.7433364827347302,0.0008431232463294079,0.017442482712754278
N3,0.0018114450192338004,0.1373525468949551,0.8415584104048477,0.0004404710688168466,0.018837126612146395
N3,0.0041364093772713615,0.17419418056620978,0.8043249088398734,0.000644100870722229,0.016700400345923305
N3,0.0023222797125731754,0.16505113803827315,0.8167914750910221,0.0006743654075415015,0.01516074175059
N3,0.0009348521173611194,0.06682615789051033,0.9237068056050178,0.0003745606254966968,0.008157623761613901
N3,0.001396369560688445,0.08623964796537126,0.9005915729727106,0.0004093713303149728,0.011363038170914648
N3,0.0007946968506972765,0.04321723586903334,0.9475859028972006,0.0017762345072323033,0.006625929875836577
N3,0.0007331826346882079,0.035051057574880216,0.9488592245950591,0.001087337013771293,0.014269198181601186
N3,0.0024302061608939256,0.06857406806713873,0.9208848466744854,0.00029160334170305336,0.007819275755778801
N3,0.00878690239613611,0.1645679025463317,0.8047781578699544,0.0004766118728539508,0.021390425314723783
N3,0.0024878945021439337,0.08393570211821066,0.8949488109495438,0.00019139528491310843,0.018436197145188342
N3,0.0029375262496556904,0.11205028206667746,0.8692341263819403,0.0002499240142954793,0.015528141287430968
N3,0.0015355874257091235,0.04482284471078932,0.9291068373988156,0.003049144073848029,0.021485586390838033
N3,0.0010917584940985815,0.12203338737186221,0.8670188713658078,0.00029447816706204354,0.00956150460116945
N3,0.00047215666530218113,0.05782981326636796,0.9314723271955707,0.0005544968150856552,0.009671206057673505
N3,0.0001057011798963974,0.03157225655302515,0.9618166069258631,0.0002172193623120701,0.006288215978903184
N3,0.0007252640959296866,0.05509282044207759,0.932730196433632,0.000626291120397275,0.010825427907963519
N3,0.0008473440629536964,0.09373603884021543,0.8942742863461335,0.0006775231999736773,0.010464807550723683
N3,0.0003319100933603466,0.026310353066706517,0.9694777744785498,0.0002666370573952364,0.003613325303988229
N3,0.00016498558435237598,0.03221423607596914,0.9646138257294761,0.00028137308718191275,0.0027255795230203723
N3,0.00014525385896068017,0.02490120275766919,0.9706729489339531,0.0025710117652533405,0.0017095826841634577
N3,0.0005753162909721363,0.03997076368982254,0.9531412712894909,0.0008316648559444916,0.0054809838737698785
N3,0.0003014839103222277,0.021216993092149725,0.9749254422744329,0.0003127866523745515,0.0032432940707204875
N3,0.00035284594182455895,0.044544562075282006,0.9496466166491657,0.0002793901086244634,0.005176585225103005
W,0.016161061538880108,0.02497335616779851,0.0022499601073022635,0.06137627704448838,0.8952393451415308
W,0.11231970027482807,0.2583700261340355,0.03073911547967044,0.07628045187930772,0.5222907062321582
R,0.008415244011605805,0.011527743937278102,0.00032538815354544336,0.6046348447198411,0.37509677917772954
N1,0.5522161989827858,0.09838395760408285,0.0013095717569642166,0.0074099089783670365,0.3406803626778001
N1,0.49350162088595184,0.04180912563321808,8.146505526105035e-05,0.03134214395506275,0.4332656444705061
N1,0.5099915779341757,0.09031544110627805,4.004333575740838e-05,0.041745501778315854,0.357907435845473
N1,0.6368877909966022,0.10025877459965384,0.00012383539508363392,0.11336641709408536,0.14936318191457482
N1,0.5317026784005143,0.25743018688984326,0.00014935032022209577,0.13741792817085777,0.07329985621856255
N1,0.5164873757352663,0.22406182004610856,0.00015677884130296587,0.10466237448443677,0.15463165089288539
W,0.1637023953304696,0.08953791765900636,0.0011175524605855473,0.05314194347173285,0.6925001910782057
N1,0.6193404766994777,0.08770129642020776,0.00024759929825688657,0.1208927531946892,0.17181787438736845
N1,0.5581379689302067,0.10168970484164543,0.0002053335731751919,0.21416121035836974,0.1258057822966028
N2,0.3657419542088336,0.3842862529903245,0.00038255062718691227,0.1741861484493248,0.07540309372433014
N2,0.14880659631233306,0.47804255467079143,0.0005594301135841798,0.308167149064133,0.0644242698391583
N2,0.09794877745254257,0.5512517686399658,0.00011895857588578639,0.25130749122790613,0.09937300410369973
W,0.06765023187552806,0.11176273010807748,9.22022003090836e-05,0.05938219266448266,0.7611126431516028
N1,0.7052921073431959,0.12602791081440728,7.074872504882601e-05,0.09931406068061467,0.06929517243673335
N1,0.7510466490009409,0.057060050144512375,4.940909603751608e-05,0.07390110974408867,0.11794278201442063
N1,0.7416151324511028,0.04665193959832343,4.7604511516490264e-05,0.09555361947647835,0.11613170396257892
N2,0.30210802233688816,0.48288630768467017,0.00036390363968846377,0.19033448959956237,0.024307276739190857
N2,0.29240815411496135,0.404795230392784,0.000138558111934686,0.24611668156144417,0.05654137581887583
N1,0.589309369642896,0.07005747387159247,4.060505975971608e-05,0.1714323877692725,0.1691601636564791
N1,0.4473139521389669,0.16722415027560236,0.00032100785787966157,0.13855194504509627,0.2465889446824547
W,0.019379971271611597,0.02083541745622689,0.00019000764623124794,0.022986191814625336,0.9366084118113049
W,0.12233428852864768,0.30103007090328454,2.6106597161626688e-42,0.03821539940263426,0.5384202411654335
W,0.11683898224199155,0.05025764202047632,5.165822852085138e-05,0.033638540941816876,0.7992131765671944
N1,0.4523019342103754,0.4047835552692805,8.607699229933182e-05,0.03593823681536596,0.10689019671267874
N1,0.7039645229868824,0.16608346177362576,0.00011843204889494538,0.07399696258536673,0.05583662060523011
N1,0.644289032097066,0.12499996721431432,6.343992816933206e-05,0.11005939515400376,0.12058816560644665
N1,0.637125359363426,0.07859106684446883,0.00027469507300804263,0.11811542581330035,0.1658934529057968
N1,0.5967224383310068,0.20931623558806875,6.628141897824367e-05,0.06121699312571059,0.1326780515362356
N1,0.7798399399005282,0.0915406816554625,0.00010443259083433211,0.0682100886666222,0.06030485718655267
N1,0.5789942981082312,0.10422262457817168,0.00020028425055758315,0.034220230161620485,0.282362562901419
N1,0.6273512619699975,0.17892193256540045,0.0004903956228376506,0.08446726482324286,0.10876914501852153
N1,0.5956207395518868,0.14120708091661718,0.0001436993018189005,0.06879961717578804,0.19422886305388906
N1,0.6042430419472448,0.19834832980366318,0.0003420985350220967,0.0944833643907619,0.10258316532330794
N1,0.5016685855748064,0.22856435674076492,0.00032316917632397744,0.06480565982652908,0.20463822868157563
W,0.13466405541868035,0.36721061811074396,0.00026566275881270956,0.04604540857498097,0.45181425513678203
W,0.3330703720247019,0.022214807728960773,3.7464174494871215e-05,0.05110937431286171,0.5935679817589806
N1,0.5166601531647383,0.0898567854065312,0.00011103396196865327,0.07119026315075379,0.322181764316008
W,0.30140812710647574,0.04903558281585839,4.3450696301829894e-05,0.10086110662616397,0.5486517327552001
N1,0.5586342094995359,0.04517073711659472,1.22149306823576e-05,0.07169713240660809,0.324485706046579
W,0.2615886051797824,0.22404397225536812,0.0003277248408363999,0.22735579583643603,0.28668390188757714
W,0.32056332327902254,0.11231192624656963,6.772844893553755e-05,0.0971240317488011,0.4699329902766712
N1,0.37602883724341335,0.26058277115286815,6.714605974633136e-05,0.10663642541260823,0.2566848201313639
N1,0.5285836050229095,0.16513443330997332,2.067296119627269e-05,0.0833933830115436,0.2228679056943773
N1,0.6279275625826517,0.10628928313490721,0.0002492655829789333,0.06622346060279143,0.1993104280966709
N1,0.6193148399556081,0.055903655537775127,7.884810600935436e-05,0.09128078655377843,0.23342186984682883
W,0.12158618368070682,0.06329936714738514,0.00017771605893373475,0.10836470563511602,0.7065720274778583
W,0.07994072673816796,0.09961533863007446,0.0004959245362514573,0.033306127494042256,0.7866418826014638
W,0.2347457735568175,0.04081915712255362,1.47551864028725e-05,0.014798245348241387,0.7096220687859845
N1,0.6510651981865444,0.10047068464348394,5.442746642953868e-05,0.0635682960318138,0.18484139367172828
N1,0.7352461252627285,0.09786720570314494,3.712107542925157e-05,0.07344622212838095,0.09340332583031632
W,0.17502196665085765,0.15327711621862006,0.0003024432032873175,0.12397595480384184,0.5474225191233931
N1,0.38497347101070223,0.23214941413121937,1.3279408801636338e-59,0.17213924543110423,0.21073786942697403
W,0.1647223000195822,0.09825448417358498,0.00013287778802714248,0.0952999918890716,0.6415903461297342
N1,0.4690158719830743,0.1995130497933214,9.497093019571637e-05,0.24518316336694843,0.08619294392646024
N2,0.18720046523345943,0.5031045718420473,0.00010417579212651596,0.12744741809796312,0.18214336903440373
N2,0.17912410453845085,0.4295010907232635,0.00018305899733436692,0.260681637597636,0.13051010814331535
N2,0.25013481805981896,0.3436941948646043,0.0001587471140756384,0.18511196932714105,0.22090027063436
N1,0.3564404079091023,0.2449889314903192,3.7648797416868454e-05,0.21669890747239942,0.18183410433076222
N1,0.4427233449593948,0.11017021899174909,2.7177502730031467e-05,0.1718626531315859,0.27521660541454024
N1,0.4698872956545906,0.16935700244407592,4.278786264771892e-05,0.16563410383289337,0.1950788102057922
N1,0.47012825342736636,0.0954303774864702,3.444610202905804e-05,0.28793889955882646,0.1464680234253078
N1,0.4103908091952378,0.06555968432531767,2.88836094512412e-05,0.21117741103745613,0.3128432118325371
W,0.10928172226912675,0.23479884717546107,1.9841578197597098e-63,0.06832333226203044,0.5875960982933818
W,0.008102428654444152,0.002678058501102473,0.00022727515625429022,0.014758240923800474,0.9742339967643985
W,0.38586126398059634,0.026746328841274727,0.0005893714860365224,0.0018347045469685967,0.5849683311451238
N1,0.6288415716995913,0.03678164359237153,2.990598766109427e-10,0.002597476154251941,0.33177930825472535
W,0.4522837050480822,0.023830972395223672,1.82805475963974e-05,0.002057194682235753,0.521809847326862
N1,0.7082721831969351,0.10042463740193444,0.00018155453269796476,0.020871434604363956,0.17025019026406857
W,0.46355431788198925,0.04611615104232443,0.00019437012392976266,0.01442515087192077,0.4757100100798359
W,0.39628436294422226,0.11122702021670297,0.0005707064386969939,0.020814714247988995,0.4711031961523889
N1,0.6556286493729415,0.11344178109657413,0.0018947729256966216,0.05250691980420981,0.17652787680057805
N2,0.18830205342625572,0.447454357948401,0.003181970435077129,0.02921907534216894,0.3318425428480971
N1,0.4559578645572697,0.32638024033083385,0.00165729422983039,0.0767118339108352,0.13929276697123094
N1,0.5185845645129875,0.19921913721441614,0.0006278354671894263,0.10795244769703186,0.1736160151083751
W,0.3154863210367949,0.16518196536449234,0.00035147967817350257,0.10892459659184318,0.41005563732869593
N1,0.46589408021056405,0.08603066049440056,0.0004409453985330303,0.21444322401411264,0.23319108988238968
N2,0.26706527435243343,0.3537050528370321,0.0004944374446519485,0.0774505513196492,0.3012846840462334
N1,0.46239378796925973,0.13087088164402957,0.00010753088314677955,0.10063839359266635,0.30598940591089757
N1,0.4646418319699118,0.13164378365641274,0.0011618452540242913,0.19610729097581095,0.20644524814384005
N1,0.33337106135369443,0.23230909484039597,0.0007288606812639757,0.17887950072937547,0.2547114823952701
R,0.11825845048530767,0.2731321891001721,0.0019297199563794412,0.4804696215559715,0.12621001890216937
N2,0.15975884227906625,0.6525537545709331,0.003976238945557743,0.1365356985830724,0.047175465621370385
N2,0.2518777266149809,0.3810519772873924,0.0014033499028171209,0.32490724331248416,0.04075970288232551
R,0.15203340295406056,0.35103153552372207,0.0031460776028401994,0.3946079979363179,0.0991809859830593
N2,0.21205254667181112,0.5038157254352963,0.0038290709485422993,0.24445626129772136,0.03584639564662891
N2,0.24550925704043022,0.4762726847197904,0.0013975111251871455,0.10844643639046866,0.1683741107241236
N2,0.1395225468583094,0.7516190539735602,0.0019093764674275246,0.08878678800027459,0.01816223470042821
N2,0.1467531402386924,0.6067619919059951,0.0007034802704773906,0.21097784466196534,0.034803542922869656
N2,0.07169055008737978,0.7170349408406598,0.01152043093374256,0.012744761893873826,0.18700931624434403
N2,0.22340268195554566,0.693801232532322,0.007442701725709975,0.034283101237845094,0.041070282548577225
N2,0.3197163638272123,0.6165139325208668,0.0031465217777084057,0.023526106069021287,0.03709707580519125
N2,0.18496489203870184,0.7704548611261831,0.0039320590966295185,0.017459484651239945,0.023188703087245625
N2,0.1036906688845213,0.8152910855064243,0.0024361781514843322,0.03533887895240035,0.0432431885051699
N2,0.15177347566655122,0.7396354621801744,0.0033849665835283178,0.07901642147448448,0.02618967409526154
N2,0.15224356078271303,0.6578625210751333,0.0015703613196173564,0.15224561974869602,0.03607793707384037
N2,0.19285402732591922,0.6183301378759719,0.004471813464487577,0.14411611463796453,0.04022790669565669
N2,0.17446277092940266,0.6005928246654705,0.0009251788879799056,0.19245682078231113,0.03156240473483577
N2,0.1944556158304609,0.5888154550185123,0.0023598076912958992,0.19041078612645274,0.02395833533327824
N2,0.14831917397503877,0.737412196677502,0.0019022462748862657,0.0935627059867362,0.018803677085836756
N2,0.1177804644629553,0.8070047067035835,0.002774436057910985,0.051072087302861856,0.021368305472688538
N2,0.08742368923258832,0.8715161674142547,0.0034757571403860655,0.021294965878097503,0.016289420334673378
N2,0.09986620244143553,0.873705945490401,0.0013789106576271722,0.00647344912658917,0.01857549228394696
N2,0.0590743611180951,0.9162721299991309,0.004630174837149823,0.0064626780298109405,0.01356065601581312
N2,0.13508502916963816,0.8144962415390953,0.0028212646175337958,0.014546176205532318,0.033051288468200477
N2,0.03760905843502022,0.947707499749829,0.0037301712579580404,0.002022120988472627,0.008931149568720053
N2,0.055461880987865086,0.9133257951972559,0.0017992920442944384,0.006892228050463911,0.02252080372012079
N2,0.06615552097547635,0.8989966079647054,0.0033592515750116487,0.018360797116918376,0.013127822367888113
N2,0.08808604305232202,0.8664159821350406,0.0012804324841633743,0.012032416970293764,0.032185125358180335
N2,0.10170549444983366,0.8411766748419377,0.0009324613149523128,0.028110259180272303,0.028075110213004018
N2,0.0959861217057153,0.8299501702185477,0.004261615180154823,0.0345324638149616,0.035269629080620805
N2,0.041555318636193946,0.8971891002586785,0.0044137673267389665,0.03914165028769214,0.01770016349069637
N2,0.06103728431801262,0.89186837688105,0.004196215643468892,0.02907113268239256,0.013826990475075787
N2,0.09859939839972845,0.8354294608744961,0.00175828688566309,0.051890168572359785,0.01232268526775272
N2,0.12405252389283188,0.8362075805961164,0.002122104873921785,0.021966099145583503,0.015651691491546178
N2,0.06774940305569689,0.911839276727857,0.002969393969221919,0.010074369409999317,0.007367556837224575
N2,0.22246514400350356,0.722195689728059,0.00138267415054273,0.03624140958693026,0.017715082530964193
N2,0.04990828236972134,0.9282716149978192,0.002752917072752438,0.011885341589307492,0.007181843970399684
N2,0.12241434527612219,0.8362457194082089,0.002160691649824965,0.026555389899484194,0.012623853766359624
N2,0.10225084650282378,0.8586759254154563,0.004315741821224171,0.015509854642324157,0.019247631618171567
N2,0.07977124453149809,0.8828740406602315,0.0046911513452345096,0.018872055655081887,0.013791507807953955
N2,0.049041740671752494,0.9187855971937997,0.015521916520209735,0.0021254758508667056,0.014525269763371384
N2,0.03875106140973143,0.9396773271161891,0.009044705296926397,0.0023281452235851194,0.010198760953567943
N2,0.1147096404580959,0.8649242081013052,0.00942607329457663,0.0022967044765217835,0.008643373669500505
N2,0.02801929624261666,0.9557343271745358,0.00991958289801227,0.0007007724519795934,0.005626021232855893
N2,0.1804814839025839,0.7937605929377013,0.0036709923237449008,0.002006843676001594,0.02008008715996836
N2,0.09633220874108823,0.8822776035761885,0.006002638339733613,0.0008736249023708434,0.014513924440618803
N2,0.1757029229158478,0.792826876123809,0.00951399202337685,0.000498708135493583,0.021457500801472636
N2,0.19314823342643705,0.7680840455788173,0.004638498591029225,0.002501560475617318,0.03162766192809907
N2,0.39376427805387576,0.544732581190466,0.0028756506199961616,0.006477599145467564,0.052149890990194486
N2,0.2327527876929224,0.723515465848285,0.007681562238345809,0.007366731552625221,0.028683452667821695
N2,0.02375192374275545,0.8662372138222808,0.040071466522939275,0.0007675450529696608,0.06917185085905489
N2,0.20298686444226094,0.7381209058972703,0.013198448079514159,0.012296292862153493,0.03339748871880105
N2,0.07944052842308492,0.8814106269295747,0.027690462509989335,0.001620032623679788,0.009838349513671117
N2,0.08429531651114021,0.8464290377695713,0.047257183372713514,0.00160042325172437,0.02041803909485064
N2,0.10609505713055857,0.8469534441018227,0.03436988227846558,0.0012138779970381644,0.011367738492114846
N2,0.11966197613161375,0.8486665112713979,0.015005829556631977,0.0014025801183655752,0.015263102921990665
N2,0.18187600497157505,0.6584373335181939,0.02114132715292396,0.0022246163073217705,0.13632071804998544
W,0.08869562501708632,0.1278852261286766,0.002091838156830922,0.010477017335646032,0.7708502933617601
N2,0.33324388338168565,0.5289014680468704,0.0026735791447018414,0.023533694961752234,0.11164737446498979
N2,0.30237796678846585,0.5906900796061783,0.001684304011010609,0.013658252022919462,0.09158939757142585
N2,0.15377340317445692,0.727928576692778,0.004139134427041888,0.004972579414577491,0.10918630629114562
N2,0.2969894418970321,0.5035175998385407,0.0015349995465268034,0.051796738458284794,0.14616122025961564
N2,0.3178353186934141,0.5068954053089967,0.0014259582265506892,0.0706408984532632,0.10320241931777543
N1,0.34249984918198967,0.24905043453536474,0.001045484226383487,0.2714854883052757,0.1359187437509865
W,0.07943982361746903,0.2820802615280302,0.008688139861641346,0.007270879650453036,0.6225208953424064
W,0.21863491835460763,0.03470822995384764,0.001262374662951788,0.07536540335770042,0.6700290736708926
W,0.3267463520876546,0.16734798449906568,0.0020449766951288646,0.08098602174935042,0.4228746649688005
W,0.29107092843211047,0.06389568530071596,0.00022663323647707448,0.03871374751561397,0.6060930055150825
W,0.1987968614411418,0.09405148357880158,0.007385753884664563,0.188493655667282,0.5112722454281101
N1,0.5138046593199806,0.26117554991935443,0.0011962026981656134,0.07040986426837453,0.1534137237941248
N2,0.21335417098922704,0.5982752856193689,0.005057239879779314,0.10038688350561527,0.08292642000600944
N2,0.15662858139838975,0.7200575216585449,0.0004588719695713263,0.06923311412520958,0.05362191084828472
N2,0.11347459439392472,0.7719381726844528,0.008829541638988104,0.041002301090480225,0.06475539019215411
N2,0.19239294310586552,0.4252826282767765,0.002922413504893514,0.2670002478866297,0.1124017672258348
N2,0.09228404802229728,0.5409697637060337,0.00503949417409038,0.32289202042098003,0.03881467367659876
N2,0.17094393470849775,0.5819891615604658,0.0027208848387552226,0.18674438470249619,0.05760163418978511
N2,0.14384445127187503,0.5742391413134179,0.0017452210669297215,0.21983925079831346,0.06033193554946396
N2,0.15196523620484498,0.6978666445495302,0.003287069265677237,0.10074803565334364,0.046133014326603924
N2,0.16895429925224004,0.6357589753501864,0.002196391929682451,0.11902232641351582,0.07406800705437507
N2,0.1866491092787829,0.45114015736336743,0.0005754174905813445,0.31601183822331286,0.04562347764395542
N2,0.22976429197485834,0.5634469639268793,0.001280362478944625,0.13836885749847877,0.06713952412083893
N2,0.12627358322376678,0.7103564599407673,0.002574184771810864,0.13064266345723963,0.030153108606415298
N2,0.19405127512356457,0.4153866895834481,0.0010119366037922258,0.31881869645953287,0.0707314022296622
N2,0.19866737079892413,0.524840389508186,0.002016733843109989,0.2175664597394539,0.05690904611032591
N2,0.21687534590535415,0.6455899406246376,0.0016058532334047328,0.07918824327887919,0.056740616957724206
N2,0.24530280940565316,0.5545767807815674,0.002309014585902563,0.15057647082848097,0.04723492439839604
N2,0.2792340640186708,0.43231932720621996,0.001365478036969289,0.23175182552619886,0.055329305211941036
N2,0.1812235825651798,0.6613193951815629,0.0004487911197567412,0.09845554726548321,0.05855268386801734
N2,0.05648432994926403,0.8167921319387814,0.002600669597435307,0.10627832775391709,0.017844540760602226
N2,0.09169214901770155,0.8092689705472146,0.00045979967066173854,0.08824657219440313,0.010332508570018963
W,0.04467289116264231,0.12857051448615842,0.02208914121253199,0.001525926844973155,0.8031415262936941
N2,0.22571522783196962,0.6091941376963247,0.004467968295532938,0.0510999581629433,0.1095227080132296
N1,0.39380582809810494,0.21589199235795656,0.002326614606904407,0.024087644658745973,0.3638879202782882
N1,0.6140890698935138,0.2627488911992245,0.0019590339026402826,0.05246561988095158,0.06873738512366982
W,0.21580703663633866,0.2261562414592422,0.005082210177318319,0.17243039509815716,0.3805241166289436
N2,0.1001913868634787,0.7556179210381465,0.029058874259539486,0.05663782360715192,0.058493994231683166
N2,0.043006093400077036,0.8830075251847924,0.00810936886459334,0.029022307460837084,0.036854705089700124
N2,0.16118912394644205,0.7431182237140638,0.013571212438931746,0.028217283404087228,0.05390415649647512
N2,0.03385018193441912,0.9222068384650705,0.003576739424598609,0.031386543441605956,0.008979696734305927
N2,0.06915278861065395,0.8267045398913626,0.005754731281908502,0.005638197899661502,0.09274974231641338
N2,0.1284031294668919,0.8482963798176574,0.0018875431188879752,0.002778699841020656,0.018634247755541906
N2,0.05250260365824958,0.9335173408605272,0.0024312550742114692,0.0009118352321896229,0.010636965174822115
N2,0.022282719812153847,0.9614890283077282,0.008310316988352058,0.0006630056259361077,0.007254929265829865
N2,0.01555267508164059,0.9702339328333582,0.00673180941034352,0.0006930295786974651,0.006788553095960301
N2,0.08510996463219436,0.8892066903676381,0.0070232580217979585,0.006750344765026246,0.011909742213343224
N2,0.10955322569844997,0.8267260410839016,0.0024476688509946108,0.04946011477526236,0.011812949591391555
N2,0.04989242451973962,0.9392904981725335,0.00028131968295073354,0.001756099142386235,0.00877965848238997
N2,0.19645700996977392,0.5519876384421035,0.0011233109652631565,0.012419587210601064,0.23801245341225824
W,0.1574773704847132,0.26827998499652056,0.0003933271380511023,0.015766719597389133,0.558082597783326
W,0.4268852688942451,0.035813536172048445,4.8593271725376094e-05,0.04117790738066124,0.49607469428131984
W,0.45934579200246384,0.031166726043542165,5.0404121142142745e-05,0.04240294465436927,0.4670341331784826
N1,0.5122618268263276,0.02095563193519631,2.9272670100988858e-05,0.025324391936045746,0.44142887663232944
N1,0.6390713712422292,0.04089325892918446,9.131132256392455e-05,0.0685450013896146,0.25139905711640775
W,0.10691011505882606,0.028791997918029583,0.00017004236726401642,0.036066822565209294,0.828061022090671
W,0.2158684639272562,0.014855780774446709,1.707632762985052e-05,0.035065313713293564,0.7341933652573737
W,0.10652944967988003,0.18437552935486595,0.0003688422872982993,0.025711010839302627,0.6830151678386531
W,0.17963319128302102,0.14712192903631238,0.001816227926762116,0.040703717228950304,0.6307249345249542
W,0.02749339358760834,0.005367257587241685,8.45144416142655e-05,0.026668807436644213,0.9403860269468914
W,0.0048079446626352095,0.0024827713717988633,4.488426838021704e-05,0.006878536803608165,0.9857858628935776
W,0.032416582493661944,0.0012169072783534275,3.330381487006511e-05,0.0016500664938458715,0.9646831399192686
W,0.0950734114341499,0.01709853983236998,8.90839732872262e-07,0.006985486637980713,0.8808416712557665
W,0.017873491678215184,0.004292024387056948,9.17450482538957e-05,0.001403585366250587,0.9763391535202234
W,0.0311762137452139,0.0025592670185977844,6.686146973372449e-05,0.013039783353501836,0.9531578744129529
W,0.09150393043415388,0.012142471641572167,1.4797736176361949e-07,0.09448827677898451,0.8018651731679276
W,0.01348209225776208,0.01561126577322327,7.965454672770711e-05,0.0013530111869819329,0.9694739762353051
W,0.002603891094228767,0.0023960709764976515,0.00019141102247926167,0.0009584344844412123,0.9938501924223531
W,0.0011668441039934363,0.00016868784536724796,4.750722077647043e-06,0.0003097333250946055,0.9983499840034672
W,0.04245712730837234,0.005677821606378089,9.227308563992542e-06,0.0021521210015336078,0.9497037027751519
W,0.030963796466899406,0.0017885813852432876,2.400648022353094e-05,0.0009895880336609623,0.9662340276339728
W,0.00960969124885209,0.0012301133690400259,4.6854812073233595e-06,0.00026414903613008724,0.9888913608647706
W,0.025094878565404623,0.0020848594799003756,9.821891701148363e-06,0.0022120325548415152,0.9705984075081523
W,0.3182701495278219,0.013056958744387406,3.6778476200260837e-05,0.014096472595376748,0.6545396406562137
W,0.19504888212857557,0.04393952378122864,9.479787155898536e-05,0.04107788540743121,0.7198389108112055
W,0.007533332375566779,0.0021232786544757953,4.8595523262368485e-05,0.001033100961661268,0.9892616924850337
W,0.029379490919390863,0.010006404419666881,0.0003387010363678281,0.0050069179116586,0.9552684857129159
W,0.4013642920666006,0.045475174936174596,0.0005051907213041303,0.018447862503611474,0.5342074797723092
N1,0.6323902226894424,0.12250102214790212,0.0012549734173233258,0.05161949959828034,0.19223428214705182
N1,0.7611301872948267,0.09560348372649127,0.00028819978613687906,0.10101285990006637,0.041965269292478895
N1,0.7099574691085123,0.1352159557875557,0.000181956865278331,0.12980193974447912,0.024842678494174385
N1,0.7003573978066503,0.11423325296552497,0.0001869030315315881,0.16647332686982486,0.018749119326468295
N1,0.6076173151923309,0.09136417658876157,2.8980967745988082e-05,0.22902788682303427,0.0719616404281272
N1,0.42624810042624206,0.04835754253195875,5.8977036479761684e-05,0.11735373005814462,0.40798164994717484
N1,0.581150340721278,0.17659374874822564,0.00016970633741015745,0.1752648403357109,0.06682136385737523
N1,0.7068243878757732,0.060156718720107326,0.00020289798685900546,0.17330893779547693,0.05950705762178358
N1,0.6210532586012679,0.06999250335009795,9.287974428382959e-05,0.2144633008599707,0.09439805744437958
W,0.2147005769972543,0.11469058135870748,0.00017141018489694122,0.2729376423532501,0.39749978910589107
R,0.3733318843285942,0.11950902113247266,5.1462601726967904e-05,0.4300017724392952,0.0771058594979109
R,0.31577420154703767,0.11251763054228885,0.00025693849323860996,0.5368558977689795,0.03459533164845542
R,0.29065385905433905,0.1588382596305501,6.455643229689266e-05,0.5271190271937839,0.023324297689030098
R,0.23522558049693443,0.1413825799877379,6.373089494712399e-05,0.5991527316099141,0.024175377010466435
R,0.16814852572177927,0.12074247360255208,5.866412105874951e-05,0.6662155234079071,0.044834813146702616
R,0.19348350980654455,0.3663945497549283,0.00011481864327783673,0.405799628143099,0.034207493652150395
R,0.2099090559829394,0.22387178493047377,0.00016249130560349237,0.5098205285270331,0.05623613925395024
R,0.3668772387753655,0.1934297234067268,0.00029990095826612896,0.3930533945171202,0.04633974234252136
N1,0.3637925172480329,0.2951945415614269,9.746741094087303e-05,0.30147359638907595,0.0394418773905234
N1,0.338105654344723,0.20298776098943178,0.00013462473133054855,0.2886888783255077,0.17008308160900687
N2,0.2814824148316998,0.4483404629050315,0.00026860747445448164,0.18801938580281197,0.08188912898600231
N1,0.4414909596161937,0.20454323388446907,0.0001508083116807287,0.20952563970638916,0.14428935848126725
N1,0.48352995755727984,0.2624252152345847,6.030605940476531e-05,0.18193918364413056,0.07204533750460024
N2,0.24698672070598465,0.6134567038558878,0.00027365854224046664,0.0823649377956577,0.05691797910022943
N1,0.5168214412149525,0.13502973827322057,0.00021219824542070928,0.2408903785448188,0.10704624372158748
N1,0.40571498405998135,0.2779317606094139,0.00027109388403289607,0.22590128627900063,0.09018087516757121
N1,0.5151531322656334,0.22724176782435346,6.552489109274418e-05,0.1511129319319582,0.10642664308696222
N1,0.5204737484260357,0.17286114976846573,0.00010914783279555505,0.17031577802566494,0.1362401759470381
N2,0.36938566753475527,0.4224896797978262,0.00010330628439955809,0.1295838034299851,0.07843754295303393
